编号ID,款式名称,花纹类型,季度,上市状态,销量(米),销售额(元),订单数,新客数,老客数,退款额(元),新客复购率,老客复购率,整体复购率,环比增长,同比增长,是否激增季度,触发的激增时段,节假日影响系数,期初库存(米),期末库存(米),生产入库(米),缺货天数,库存周转率,华南客户数,华东客户数,华北客户数,西部客户数,海外客户数,服装厂批发订单,电商卖家订单,实体零售商订单,设计师工作室订单,个人定制订单,退款_色差,退款_尺寸偏差,退款_质量问题,退款_描述不符,退款_发货延迟,退款_买家原因
1,LACE-001,巴洛克纹,2024Q3,未上市,,,,,,,,,,,,0,,1.0,,,,,,,,,,,,,,,,,,,,,
1,LACE-001,巴洛克纹,2024Q4,未上市,,,,,,,,,,,,0,,1.0,,,,,,,,,,,,,,,,,,,,,
1,LACE-001,巴洛克纹,2025Q1,未上市,,,,,,,,,,,,0,,1.0,,,,,,,,,,,,,,,,,,,,,
1,LACE-001,巴洛克纹,2025Q2,未上市,,,,,,,,,,,,0,,1.0,,,,,,,,,,,,,,,,,,,,,
1,LACE-001,巴洛克纹,2025Q3,未上市,,,,,,,,,,,,0,,1.0,,,,,,,,,,,,,,,,,,,,,
1,LACE-001,巴洛克纹,2025Q4,未上市,,,,,,,,,,,,0,,1.0,,,,,,,,,,,,,,,,,,,,,
1,LACE-001,巴洛克纹,2026Q1,在售,68.0,3740.0,1.0,1.0,0.0,345.0,0.0261,0.0738,0.0,,,0,,1.0,4511.0,4490.0,47.0,0.0,0.02,0.3,0.2,0.2,0.1,0.1,0.4,0.2,0.2,0.1,0.0,123.0,97.0,81.0,42.0,19.0,25.0
1,LACE-001,巴洛克纹,2026Q2,在售,118.0,6490.0,1.0,1.0,0.0,376.0,0.0696,0.1342,0.0,0.7353,,0,,1.0,4490.0,4502.0,130.0,0.0,0.03,0.2,0.3,0.2,0.1,0.1,0.5,0.3,0.1,0.1,0.0,130.0,84.0,97.0,51.0,30.0,42.0
2,LACE-002,巴洛克纹,2024Q3,未上市,,,,,,,,,,,,0,,1.0,,,,,,,,,,,,,,,,,,,,,
2,LACE-002,巴洛克纹,2024Q4,未上市,,,,,,,,,,,,0,,1.0,,,,,,,,,,,,,,,,,,,,,
2,LACE-002,巴洛克纹,2025Q1,未上市,,,,,,,,,,,,0,,1.0,,,,,,,,,,,,,,,,,,,,,
2,LACE-002,巴洛克纹,2025Q2,未上市,,,,,,,,,,,,0,,1.0,,,,,,,,,,,,,,,,,,,,,
2,LACE-002,巴洛克纹,2025Q3,未上市,,,,,,,,,,,,0,,1.0,,,,,,,,,,,,,,,,,,,,,
2,LACE-002,巴洛克纹,2025Q4,在售,162.0,4698.0,2.0,1.0,1.0,375.0,0.0259,0.081,0.5,,,0,,1.0,3348.0,3343.0,157.0,0.0,0.05,0.6,0.5,0.3,0.3,0.2,1.0,0.7,0.3,0.1,0.1,135.0,83.0,65.0,55.0,18.0,54.0
2,LACE-002,巴洛克纹,2026Q1,在售,47.0,1363.0,1.0,1.0,0.0,86.0,0.0503,0.1601,0.0,-0.7099,,0,,1.0,3343.0,3337.0,41.0,0.0,0.01,0.3,0.3,0.2,0.2,0.1,0.4,0.2,0.1,0.1,0.0,21.0,25.0,20.0,5.0,4.0,9.0
2,LACE-002,巴洛克纹,2026Q2,在售,437.0,12673.0,7.0,1.0,6.0,1401.0,0.0759,0.1958,0.8571,8.2979,,0,,1.0,3337.0,3359.0,459.0,0.0,0.13,2.5,1.9,0.9,0.9,0.7,3.1,2.4,0.8,0.5,0.2,323.0,389.0,275.0,103.0,103.0,108.0
3,LACE-003,蕾丝镂空,2024Q3,未上市,,,,,,,,,,,,0,,1.0,,,,,,,,,,,,,,,,,,,,,
3,LACE-003,蕾丝镂空,2024Q4,未上市,,,,,,,,,,,,0,,1.0,,,,,,,,,,,,,,,,,,,,,
3,LACE-003,蕾丝镂空,2025Q1,未上市,,,,,,,,,,,,0,,1.0,,,,,,,,,,,,,,,,,,,,,
3,LACE-003,蕾丝镂空,2025Q2,未上市,,,,,,,,,,,,0,,1.0,,,,,,,,,,,,,,,,,,,,,
3,LACE-003,蕾丝镂空,2025Q3,未上市,,,,,,,,,,,,0,,1.0,,,,,,,,,,,,,,,,,,,,,
3,LACE-003,蕾丝镂空,2025Q4,未上市,,,,,,,,,,,,0,,1.0,,,,,,,,,,,,,,,,,,,,,
3,LACE-003,蕾丝镂空,2026Q1,未上市,,,,,,,,,,,,0,,1.0,,,,,,,,,,,,,,,,,,,,,
3,LACE-003,蕾丝镂空,2026Q2,在售,150.0,8700.0,1.0,1.0,0.0,629.0,0.0308,0.077,0.0,,,0,,1.0,3543.0,3555.0,162.0,0.0,0.04,0.3,0.3,0.2,0.2,0.1,0.5,0.3,0.2,0.0,0.0,212.0,165.0,188.0,46.0,27.0,54.0
4,LACE-004,巴洛克纹,2024Q3,未上市,,,,,,,,,,,,0,,1.0,,,,,,,,,,,,,,,,,,,,,
4,LACE-004,巴洛克纹,2024Q4,未上市,,,,,,,,,,,,0,,1.0,,,,,,,,,,,,,,,,,,,,,
4,LACE-004,巴洛克纹,2025Q1,未上市,,,,,,,,,,,,0,,1.0,,,,,,,,,,,,,,,,,,,,,
4,LACE-004,巴洛克纹,2025Q2,未上市,,,,,,,,,,,,0,,1.0,,,,,,,,,,,,,,,,,,,,,
4,LACE-004,巴洛克纹,2025Q3,未上市,,,,,,,,,,,,0,,1.0,,,,,,,,,,,,,,,,,,,,,
4,LACE-004,巴洛克纹,2025Q4,未上市,,,,,,,,,,,,0,,1.0,,,,,,,,,,,,,,,,,,,,,
4,LACE-004,巴洛克纹,2026Q1,在售,106.0,2968.0,2.0,1.0,1.0,172.0,0.0456,0.1055,0.5,,,0,,1.0,4799.0,4788.0,95.0,0.0,0.02,0.7,0.6,0.2,0.3,0.2,0.8,0.5,0.3,0.1,0.1,39.0,44.0,42.0,15.0,8.0,18.0
4,LACE-004,巴洛克纹,2026Q2,在售,151.0,4228.0,3.0,1.0,2.0,295.0,0.056,0.1419,0.6667,0.4245,,0,,1.0,4788.0,4737.0,100.0,0.0,0.03,0.8,0.9,0.5,0.2,0.4,1.3,0.7,0.6,0.2,0.0,113.0,78.0,67.0,18.0,7.0,34.0
5,LACE-005,蕾丝镂空,2024Q3,未上市,,,,,,,,,,,,0,,1.0,,,,,,,,,,,,,,,,,,,,,
5,LACE-005,蕾丝镂空,2024Q4,未上市,,,,,,,,,,,,0,,1.0,,,,,,,,,,,,,,,,,,,,,
5,LACE-005,蕾丝镂空,2025Q1,未上市,,,,,,,,,,,,0,,1.0,,,,,,,,,,,,,,,,,,,,,
5,LACE-005,蕾丝镂空,2025Q2,未上市,,,,,,,,,,,,0,,1.0,,,,,,,,,,,,,,,,,,,,,
5,LACE-005,蕾丝镂空,2025Q3,在售,124.0,4092.0,1.0,1.0,0.0,293.0,0.0343,0.0681,0.0,,,0,,1.0,3351.0,3331.0,104.0,0.0,0.04,0.3,0.2,0.2,0.1,0.1,0.5,0.3,0.2,0.1,0.0,105.0,57.0,49.0,24.0,16.0,39.0
5,LACE-005,蕾丝镂空,2025Q4,在售,87.0,2871.0,2.0,1.0,1.0,154.0,0.0683,0.1133,0.5,-0.2984,,0,,1.0,3331.0,3338.0,94.0,0.0,0.03,0.6,0.5,0.2,0.3,0.2,0.7,0.4,0.4,0.1,0.1,42.0,38.0,34.0,22.0,9.0,20.0
5,LACE-005,蕾丝镂空,2026Q1,在售,403.0,13299.0,6.0,1.0,5.0,1587.0,0.0661,0.1667,0.8333,3.6322,,0,,1.0,3338.0,3372.0,437.0,1.0,0.12,2.1,1.9,0.7,0.4,0.4,2.2,1.5,0.6,0.2,0.3,498.0,317.0,468.0,193.0,123.0,171.0
5,LACE-005,蕾丝镂空,2026Q2,在售,764.0,25212.0,21.0,6.0,15.0,2893.0,0.0956,0.2017,0.7143,0.8958,,0,,1.0,3372.0,3438.0,830.0,2.0,0.22,5.2,5.2,3.6,1.8,1.3,10.5,7.0,2.2,1.7,0.8,812.0,737.0,494.0,215.0,108.0,389.0
6,LACE-006,巴洛克纹,2024Q3,未上市,,,,,,,,,,,,0,,1.0,,,,,,,,,,,,,,,,,,,,,
6,LACE-006,巴洛克纹,2024Q4,未上市,,,,,,,,,,,,0,,1.0,,,,,,,,,,,,,,,,,,,,,
6,LACE-006,巴洛克纹,2025Q1,未上市,,,,,,,,,,,,0,,1.0,,,,,,,,,,,,,,,,,,,,,
6,LACE-006,巴洛克纹,2025Q2,未上市,,,,,,,,,,,,0,,1.0,,,,,,,,,,,,,,,,,,,,,
6,LACE-006,巴洛克纹,2025Q3,未上市,,,,,,,,,,,,0,,1.0,,,,,,,,,,,,,,,,,,,,,
6,LACE-006,巴洛克纹,2025Q4,在售,195.0,7410.0,5.0,1.0,4.0,583.0,0.051,0.0942,0.8,,,0,,1.0,2349.0,2422.0,268.0,0.0,0.08,1.6,1.1,0.6,0.5,0.6,2.5,1.0,0.8,0.1,0.1,138.0,96.0,143.0,67.0,30.0,62.0
6,LACE-006,巴洛克纹,2026Q1,在售,100.0,3800.0,1.0,1.0,0.0,205.0,0.0444,0.145,0.0,-0.4872,,0,,1.0,2422.0,2419.0,97.0,0.0,0.04,0.3,0.2,0.2,0.2,0.1,0.4,0.3,0.1,0.0,0.0,43.0,37.0,46.0,20.0,8.0,30.0
6,LACE-006,巴洛克纹,2026Q2,在售,460.0,17480.0,8.0,2.0,6.0,1101.0,0.0752,0.1818,0.75,3.6,,0,,1.0,2419.0,2456.0,497.0,0.0,0.19,2.4,2.4,1.3,0.9,0.8,2.9,1.8,1.6,0.3,0.2,320.0,227.0,276.0,109.0,27.0,92.0
7,LACE-007,巴洛克纹,2024Q3,未上市,,,,,,,,,,,,0,,1.0,,,,,,,,,,,,,,,,,,,,,
7,LACE-007,巴洛克纹,2024Q4,未上市,,,,,,,,,,,,0,,1.0,,,,,,,,,,,,,,,,,,,,,
7,LACE-007,巴洛克纹,2025Q1,在售,137.0,4110.0,2.0,1.0,1.0,216.0,0.0406,0.1014,0.5,,,0,,1.0,3914.0,3953.0,176.0,0.0,0.03,0.7,0.5,0.3,0.2,0.2,0.9,0.6,0.3,0.1,0.1,63.0,47.0,45.0,19.0,13.0,18.0
7,LACE-007,巴洛克纹,2025Q2,在售,236.0,7080.0,3.0,1.0,2.0,764.0,0.0527,0.112,0.6667,0.7226,,0,,1.0,3953.0,4041.0,324.0,0.0,0.06,0.8,0.7,0.5,0.3,0.4,1.1,1.0,0.5,0.2,0.0,289.0,210.0,151.0,46.0,43.0,90.0
7,LACE-007,巴洛克纹,2025Q3,在售,297.0,8910.0,4.0,1.0,3.0,794.0,0.0807,0.1739,0.75,0.2585,,0,,1.0,4041.0,3932.0,188.0,0.0,0.07,1.3,1.1,0.6,0.3,0.5,1.6,1.2,0.7,0.2,0.2,199.0,135.0,132.0,103.0,50.0,47.0
7,LACE-007,巴洛克纹,2025Q4,在售,431.0,12930.0,6.0,1.0,5.0,1136.0,0.0748,0.1916,0.8333,0.4512,,0,,1.0,3932.0,3762.0,261.0,1.0,0.11,1.8,1.9,1.0,0.6,0.4,3.2,1.9,0.8,0.4,0.2,300.0,236.0,249.0,122.0,35.0,59.0
7,LACE-007,巴洛克纹,2026Q1,在售,367.0,11010.0,4.0,1.0,3.0,1078.0,0.0924,0.2383,0.75,-0.1485,1.6788,0,,1.0,3762.0,3618.0,223.0,0.0,0.1,1.3,1.2,0.5,0.4,0.4,2.0,1.0,0.5,0.1,0.1,233.0,169.0,212.0,141.0,73.0,140.0
7,LACE-007,巴洛克纹,2026Q2,在售,475.0,14250.0,12.0,2.0,10.0,1593.0,0.1076,0.2906,0.8333,0.2943,1.0127,0,,1.0,3618.0,3758.0,615.0,1.0,0.13,3.2,3.0,2.0,1.7,1.6,6.1,4.0,1.2,0.4,0.2,324.0,352.0,328.0,136.0,52.0,134.0
8,LACE-008,巴洛克纹,2024Q3,未上市,,,,,,,,,,,,0,,1.0,,,,,,,,,,,,,,,,,,,,,
8,LACE-008,巴洛克纹,2024Q4,在售,242.0,5566.0,5.0,1.0,4.0,527.0,0.0468,0.0935,0.8,,,0,,1.0,2561.0,2512.0,193.0,0.0,0.1,1.8,1.3,0.8,0.6,0.5,2.2,1.6,0.9,0.3,0.2,126.0,84.0,138.0,70.0,18.0,40.0
8,LACE-008,巴洛克纹,2025Q1,在售,107.0,2461.0,1.0,1.0,0.0,256.0,0.052,0.137,0.0,-0.5579,,0,,1.0,2512.0,2481.0,76.0,0.0,0.04,0.3,0.2,0.1,0.2,0.1,0.5,0.3,0.2,0.0,0.0,75.0,68.0,40.0,14.0,13.0,22.0
8,LACE-008,巴洛克纹,2025Q2,在售,289.0,6647.0,8.0,1.0,7.0,683.0,0.0692,0.1755,0.875,1.7009,,0,,1.0,2481.0,2551.0,359.0,1.0,0.11,2.6,2.3,1.5,0.9,1.0,2.8,2.6,1.0,0.2,0.2,153.0,201.0,189.0,65.0,33.0,84.0
8,LACE-008,巴洛克纹,2025Q3,在售,252.0,5796.0,3.0,1.0,2.0,530.0,0.0923,0.1934,0.6667,-0.128,,0,,1.0,2551.0,2541.0,242.0,0.0,0.1,0.9,0.8,0.4,0.4,0.3,1.5,0.8,0.5,0.2,0.1,200.0,143.0,118.0,30.0,29.0,48.0
8,LACE-008,巴洛克纹,2025Q4,在售,615.0,14145.0,8.0,1.0,7.0,1204.0,0.1126,0.2328,0.875,1.4405,1.5413,0,,1.0,2541.0,2536.0,610.0,0.0,0.24,2.7,2.2,0.9,0.8,0.8,2.9,2.5,0.9,0.2,0.4,301.0,271.0,337.0,151.0,85.0,171.0
8,LACE-008,巴洛克纹,2026Q1,在售,308.0,7084.0,6.0,1.0,5.0,396.0,0.1292,0.3043,0.8333,-0.4992,1.8785,0,,1.0,2536.0,2414.0,186.0,0.0,0.12,1.8,1.8,0.9,0.4,0.7,3.2,1.4,1.1,0.3,0.3,89.0,107.0,106.0,29.0,11.0,44.0
8,LACE-008,巴洛克纹,2026Q2,在售,581.0,13363.0,8.0,1.0,7.0,695.0,0.1426,0.3102,0.875,0.8864,1.0104,0,,1.0,2414.0,2527.0,694.0,1.0,0.24,2.1,2.4,1.0,0.6,1.0,3.1,2.2,1.5,0.6,0.4,172.0,168.0,199.0,65.0,37.0,99.0
9,LACE-009,巴洛克纹,2024Q3,未上市,,,,,,,,,,,,0,,1.0,,,,,,,,,,,,,,,,,,,,,
9,LACE-009,巴洛克纹,2024Q4,未上市,,,,,,,,,,,,0,,1.0,,,,,,,,,,,,,,,,,,,,,
9,LACE-009,巴洛克纹,2025Q1,未上市,,,,,,,,,,,,0,,1.0,,,,,,,,,,,,,,,,,,,,,
9,LACE-009,巴洛克纹,2025Q2,未上市,,,,,,,,,,,,0,,1.0,,,,,,,,,,,,,,,,,,,,,
9,LACE-009,巴洛克纹,2025Q3,未上市,,,,,,,,,,,,0,,1.0,,,,,,,,,,,,,,,,,,,,,
9,LACE-009,巴洛克纹,2025Q4,未上市,,,,,,,,,,,,0,,1.0,,,,,,,,,,,,,,,,,,,,,
9,LACE-009,巴洛克纹,2026Q1,在售,148.0,3256.0,2.0,1.0,1.0,286.0,0.0356,0.1122,0.5,,,0,,1.0,3536.0,3485.0,97.0,0.0,0.04,0.7,0.6,0.4,0.3,0.2,0.9,0.7,0.3,0.1,0.1,73.0,82.0,71.0,37.0,6.0,35.0
9,LACE-009,巴洛克纹,2026Q2,在售,150.0,3300.0,3.0,1.0,2.0,307.0,0.0591,0.1592,0.6667,0.0135,,0,,1.0,3485.0,3538.0,203.0,0.0,0.04,1.0,0.7,0.4,0.4,0.4,1.6,0.8,0.4,0.2,0.1,86.0,82.0,57.0,20.0,11.0,21.0
10,LACE-010,巴洛克纹,2024Q3,未上市,,,,,,,,,,,,0,,1.0,,,,,,,,,,,,,,,,,,,,,
10,LACE-010,巴洛克纹,2024Q4,未上市,,,,,,,,,,,,0,,1.0,,,,,,,,,,,,,,,,,,,,,
10,LACE-010,巴洛克纹,2025Q1,未上市,,,,,,,,,,,,0,,1.0,,,,,,,,,,,,,,,,,,,,,
10,LACE-010,巴洛克纹,2025Q2,在售,192.0,5376.0,2.0,1.0,1.0,577.0,0.0385,0.0856,0.5,,,0,,1.0,3648.0,3699.0,243.0,0.0,0.05,0.6,0.5,0.3,0.2,0.1,1.0,0.5,0.4,0.1,0.1,174.0,132.0,145.0,57.0,34.0,77.0
10,LACE-010,巴洛克纹,2025Q3,在售,186.0,5208.0,2.0,1.0,1.0,597.0,0.0589,0.128,0.5,-0.0312,,0,,1.0,3699.0,3716.0,203.0,0.0,0.05,0.6,0.6,0.3,0.3,0.3,1.1,0.5,0.3,0.1,0.1,159.0,115.0,122.0,59.0,29.0,84.0
10,LACE-010,巴洛克纹,2025Q4,在售,575.0,16100.0,11.0,1.0,10.0,1162.0,0.0591,0.176,0.9091,2.0914,,0,,1.0,3716.0,3523.0,382.0,1.0,0.16,3.4,3.4,1.4,1.4,1.4,4.4,3.8,2.1,0.7,0.3,299.0,303.0,234.0,120.0,45.0,152.0
10,LACE-010,巴洛克纹,2026Q1,在售,284.0,7952.0,6.0,1.0,5.0,565.0,0.0929,0.201,0.8333,-0.5061,,0,,1.0,3523.0,3615.0,376.0,0.0,0.08,2.2,1.4,0.9,0.6,0.6,3.2,1.6,0.6,0.2,0.1,216.0,149.0,127.0,78.0,42.0,43.0
10,LACE-010,巴洛克纹,2026Q2,在售,478.0,13384.0,9.0,2.0,7.0,929.0,0.1108,0.2526,0.7778,0.6831,1.4896,0,,1.0,3615.0,3437.0,300.0,1.0,0.14,2.8,2.4,1.1,1.1,1.0,4.3,2.6,1.7,0.2,0.4,272.0,272.0,263.0,98.0,41.0,124.0
11,LACE-011,几何纹,2024Q3,未上市,,,,,,,,,,,,0,,1.0,,,,,,,,,,,,,,,,,,,,,
11,LACE-011,几何纹,2024Q4,未上市,,,,,,,,,,,,0,,1.0,,,,,,,,,,,,,,,,,,,,,
11,LACE-011,几何纹,2025Q1,在售,84.0,1260.0,2.0,1.0,1.0,68.0,0.0467,0.1175,0.5,,,0,,1.0,4829.0,4861.0,116.0,0.0,0.02,0.5,0.5,0.3,0.3,0.2,0.9,0.5,0.2,0.1,0.1,14.0,11.0,12.0,6.0,3.0,10.0
11,LACE-011,几何纹,2025Q2,在售,109.0,1635.0,1.0,1.0,0.0,135.0,0.0699,0.1096,0.0,0.2976,,0,,1.0,4861.0,4882.0,130.0,0.0,0.02,0.3,0.3,0.2,0.1,0.1,0.4,0.2,0.2,0.1,0.0,35.0,21.0,38.0,13.0,7.0,19.0
11,LACE-011,几何纹,2025Q3,在售,328.0,4920.0,9.0,1.0,8.0,352.0,0.0756,0.1691,0.8889,2.0092,,0,,1.0,4882.0,5012.0,458.0,0.0,0.07,2.3,2.9,1.3,1.0,1.0,3.4,1.8,0.9,0.6,0.3,71.0,85.0,66.0,19.0,20.0,23.0
11,LACE-011,几何纹,2025Q4,在售,658.0,9870.0,9.0,2.0,7.0,653.0,0.0874,0.1997,0.7778,1.0061,,1,双十一,1.2,5012.0,4810.0,456.0,0.0,0.13,2.9,2.0,1.1,0.9,0.9,4.3,2.8,1.3,0.2,0.3,156.0,104.0,128.0,64.0,25.0,40.0
11,LACE-011,几何纹,2026Q1,在售,316.0,4740.0,9.0,2.0,7.0,378.0,0.0922,0.218,0.7778,-0.5198,2.7619,0,,1.0,4810.0,4713.0,219.0,0.0,0.07,3.0,2.7,1.2,0.9,0.7,3.9,2.3,1.7,0.3,0.4,140.0,75.0,101.0,39.0,19.0,31.0
11,LACE-011,几何纹,2026Q2,在售,624.0,9360.0,8.0,1.0,7.0,491.0,0.109,0.2733,0.875,0.9747,4.7248,0,,1.0,4713.0,4468.0,379.0,0.0,0.14,3.1,1.7,1.5,0.9,0.9,3.0,2.2,1.0,0.5,0.4,170.0,97.0,126.0,26.0,15.0,57.0
12,LACE-012,巴洛克纹,2024Q3,未上市,,,,,,,,,,,,0,,1.0,,,,,,,,,,,,,,,,,,,,,
12,LACE-012,巴洛克纹,2024Q4,未上市,,,,,,,,,,,,0,,1.0,,,,,,,,,,,,,,,,,,,,,
12,LACE-012,巴洛克纹,2025Q1,未上市,,,,,,,,,,,,0,,1.0,,,,,,,,,,,,,,,,,,,,,
12,LACE-012,巴洛克纹,2025Q2,未上市,,,,,,,,,,,,0,,1.0,,,,,,,,,,,,,,,,,,,,,
12,LACE-012,巴洛克纹,2025Q3,未上市,,,,,,,,,,,,0,,1.0,,,,,,,,,,,,,,,,,,,,,
12,LACE-012,巴洛克纹,2025Q4,未上市,,,,,,,,,,,,0,,1.0,,,,,,,,,,,,,,,,,,,,,
12,LACE-012,巴洛克纹,2026Q1,在售,56.0,1456.0,1.0,1.0,0.0,81.0,0.0414,0.0814,0.0,,,0,,1.0,3482.0,3495.0,69.0,0.0,0.02,0.3,0.3,0.2,0.2,0.1,0.5,0.2,0.1,0.1,0.0,27.0,21.0,22.0,9.0,6.0,7.0
12,LACE-012,巴洛克纹,2026Q2,在售,217.0,5642.0,5.0,1.0,4.0,472.0,0.0625,0.1358,0.8,2.875,,0,,1.0,3495.0,3508.0,230.0,0.0,0.06,1.8,1.6,0.6,0.5,0.6,2.6,1.2,0.8,0.3,0.1,184.0,113.0,139.0,25.0,21.0,70.0
13,LACE-013,纯色,2024Q3,未上市,,,,,,,,,,,,0,,1.0,,,,,,,,,,,,,,,,,,,,,
13,LACE-013,纯色,2024Q4,在售,77.0,1463.0,1.0,1.0,0.0,134.0,0.0395,0.1203,0.0,,,1,双十一,1.2,4985.0,4962.0,54.0,0.0,0.02,0.2,0.2,0.1,0.1,0.1,0.5,0.3,0.1,0.0,0.0,49.0,31.0,21.0,10.0,10.0,15.0
13,LACE-013,纯色,2025Q1,在售,23.0,437.0,1.0,1.0,0.0,32.0,0.0541,0.1109,0.0,-0.7013,,0,,1.0,4962.0,4962.0,23.0,0.0,0.0,0.3,0.3,0.2,0.1,0.1,0.4,0.3,0.2,0.0,0.0,9.0,8.0,10.0,2.0,1.0,5.0
13,LACE-013,纯色,2025Q2,在售,116.0,2204.0,1.0,1.0,0.0,201.0,0.0839,0.1644,0.0,4.0435,,0,,1.0,4962.0,4958.0,112.0,0.0,0.02,0.3,0.2,0.1,0.1,0.1,0.5,0.3,0.1,0.0,0.0,61.0,34.0,42.0,26.0,13.0,27.0
13,LACE-013,纯色,2025Q3,在售,221.0,4199.0,3.0,1.0,2.0,377.0,0.0779,0.2113,0.6667,0.9052,,0,,1.0,4958.0,4902.0,165.0,0.0,0.04,1.1,0.9,0.4,0.4,0.4,1.2,1.0,0.5,0.1,0.1,113.0,58.0,76.0,33.0,27.0,49.0
13,LACE-013,纯色,2025Q4,在售,281.0,5339.0,5.0,1.0,4.0,429.0,0.1035,0.249,0.8,0.2715,2.6494,1,双十一,1.2,4902.0,4995.0,374.0,0.0,0.06,1.7,1.5,0.8,0.6,0.4,2.3,1.7,0.6,0.4,0.2,144.0,75.0,96.0,63.0,24.0,50.0
13,LACE-013,纯色,2026Q1,在售,143.0,2717.0,3.0,1.0,2.0,284.0,0.1224,0.2532,0.6667,-0.4911,5.2174,0,,1.0,4995.0,4981.0,129.0,0.0,0.03,1.0,0.9,0.5,0.4,0.2,1.2,0.9,0.3,0.2,0.1,65.0,60.0,85.0,28.0,18.0,24.0
13,LACE-013,纯色,2026Q2,在售,176.0,3344.0,2.0,1.0,1.0,235.0,0.1227,0.2904,0.5,0.2308,0.5172,0,,1.0,4981.0,5006.0,201.0,0.0,0.04,0.5,0.4,0.3,0.3,0.3,1.0,0.7,0.3,0.1,0.1,65.0,47.0,41.0,19.0,13.0,22.0
14,LACE-014,巴洛克纹,2024Q3,未上市,,,,,,,,,,,,0,,1.0,,,,,,,,,,,,,,,,,,,,,
14,LACE-014,巴洛克纹,2024Q4,未上市,,,,,,,,,,,,0,,1.0,,,,,,,,,,,,,,,,,,,,,
14,LACE-014,巴洛克纹,2025Q1,未上市,,,,,,,,,,,,0,,1.0,,,,,,,,,,,,,,,,,,,,,
14,LACE-014,巴洛克纹,2025Q2,未上市,,,,,,,,,,,,0,,1.0,,,,,,,,,,,,,,,,,,,,,
14,LACE-014,巴洛克纹,2025Q3,未上市,,,,,,,,,,,,0,,1.0,,,,,,,,,,,,,,,,,,,,,
14,LACE-014,巴洛克纹,2025Q4,未上市,,,,,,,,,,,,0,,1.0,,,,,,,,,,,,,,,,,,,,,
14,LACE-014,巴洛克纹,2026Q1,未上市,,,,,,,,,,,,0,,1.0,,,,,,,,,,,,,,,,,,,,,
14,LACE-014,巴洛克纹,2026Q2,在售,263.0,11046.0,8.0,1.0,7.0,708.0,0.0534,0.0849,0.875,,,0,,1.0,3737.0,3728.0,254.0,0.0,0.07,3.0,1.8,1.3,0.5,0.9,3.8,2.8,1.0,0.6,0.1,193.0,145.0,185.0,57.0,19.0,99.0
15,LACE-015,巴洛克纹,2024Q3,在售,113.0,4859.0,2.0,1.0,1.0,547.0,0.0372,0.0787,0.5,,,0,,1.0,4167.0,4182.0,128.0,0.0,0.03,0.6,0.5,0.3,0.2,0.2,1.0,0.6,0.3,0.2,0.1,168.0,122.0,123.0,79.0,16.0,44.0
15,LACE-015,巴洛克纹,2024Q4,在售,189.0,8127.0,2.0,1.0,1.0,717.0,0.0591,0.1511,0.5,0.6726,,0,,1.0,4182.0,4214.0,221.0,0.0,0.05,0.6,0.5,0.3,0.2,0.2,0.8,0.7,0.4,0.0,0.1,225.0,126.0,215.0,89.0,22.0,77.0
15,LACE-015,巴洛克纹,2025Q1,在售,152.0,6536.0,3.0,1.0,2.0,716.0,0.0586,0.1969,0.6667,-0.1958,,0,,1.0,4214.0,4216.0,154.0,0.0,0.04,0.9,0.9,0.6,0.2,0.3,1.6,0.9,0.4,0.2,0.0,194.0,141.0,129.0,78.0,17.0,100.0
15,LACE-015,巴洛克纹,2025Q2,在售,355.0,15265.0,9.0,1.0,8.0,1558.0,0.0857,0.2061,0.8889,1.3355,,0,,1.0,4216.0,4232.0,371.0,0.0,0.08,3.4,2.0,1.4,1.1,0.9,4.2,2.7,1.5,0.4,0.2,516.0,432.0,464.0,79.0,98.0,224.0
15,LACE-015,巴洛克纹,2025Q3,在售,540.0,23220.0,12.0,3.0,9.0,2287.0,0.0998,0.2529,0.75,0.5211,3.7788,0,,1.0,4232.0,4323.0,631.0,0.0,0.13,3.9,2.5,1.8,1.6,1.5,5.7,4.1,1.3,0.8,0.5,894.0,488.0,441.0,133.0,118.0,225.0
15,LACE-015,巴洛克纹,2025Q4,在售,584.0,25112.0,9.0,1.0,8.0,2028.0,0.1258,0.2764,0.8889,0.0815,2.0899,0,,1.0,4323.0,4327.0,588.0,0.0,0.14,3.0,2.4,1.4,1.2,0.9,3.2,2.5,1.8,0.6,0.3,548.0,413.0,323.0,230.0,133.0,155.0
15,LACE-015,巴洛克纹,2026Q1,在售,473.0,20339.0,7.0,1.0,6.0,1182.0,0.1306,0.3094,0.8571,-0.1901,2.1118,0,,1.0,4327.0,4251.0,397.0,0.0,0.11,2.2,2.1,0.7,1.0,0.9,2.8,1.4,1.0,0.4,0.3,282.0,277.0,318.0,72.0,28.0,169.0
15,LACE-015,巴洛克纹,2026Q2,在售,517.0,22231.0,10.0,1.0,9.0,1602.0,0.1547,0.3749,0.9,0.093,0.4563,0,,1.0,4251.0,4423.0,689.0,1.0,0.12,3.7,3.4,1.4,0.6,1.4,5.2,2.3,1.1,0.2,0.3,628.0,451.0,287.0,224.0,72.0,214.0
16,LACE-016,民族风纹,2024Q3,未上市,,,,,,,,,,,,0,,1.0,,,,,,,,,,,,,,,,,,,,,
16,LACE-016,民族风纹,2024Q4,在售,36.0,936.0,1.0,1.0,0.0,110.0,0.0374,0.0693,0.0,,,0,,1.0,2419.0,2429.0,46.0,0.0,0.01,0.3,0.2,0.2,0.2,0.1,0.5,0.3,0.1,0.1,0.0,23.0,22.0,20.0,16.0,3.0,12.0
16,LACE-016,民族风纹,2025Q1,在售,32.0,832.0,1.0,1.0,0.0,87.0,0.0456,0.1335,0.0,-0.1111,,0,,1.0,2429.0,2428.0,31.0,0.0,0.01,0.3,0.3,0.1,0.2,0.1,0.5,0.2,0.1,0.0,0.0,25.0,16.0,18.0,5.0,4.0,10.0
16,LACE-016,民族风纹,2025Q2,在售,272.0,7072.0,3.0,1.0,2.0,578.0,0.0788,0.1668,0.6667,7.5,,0,,1.0,2428.0,2359.0,203.0,1.0,0.11,0.8,0.8,0.5,0.3,0.4,1.2,0.7,0.5,0.1,0.1,145.0,143.0,145.0,46.0,24.0,85.0
16,LACE-016,民族风纹,2025Q3,在售,225.0,5850.0,3.0,1.0,2.0,680.0,0.0991,0.1902,0.6667,-0.1728,,0,,1.0,2359.0,2377.0,243.0,1.0,0.1,1.0,0.9,0.5,0.2,0.2,1.1,0.7,0.4,0.1,0.1,184.0,110.0,185.0,64.0,23.0,80.0
16,LACE-016,民族风纹,2025Q4,在售,263.0,6838.0,4.0,1.0,3.0,561.0,0.098,0.2145,0.75,0.1689,6.3056,0,,1.0,2377.0,2353.0,239.0,1.0,0.11,1.1,1.2,0.7,0.3,0.6,2.0,1.0,0.6,0.2,0.2,185.0,130.0,110.0,83.0,29.0,52.0
16,LACE-016,民族风纹,2026Q1,在售,162.0,4212.0,3.0,1.0,2.0,425.0,0.1277,0.2626,0.6667,-0.384,4.0625,0,,1.0,2353.0,2301.0,110.0,0.0,0.07,1.0,0.9,0.6,0.3,0.4,1.2,0.7,0.5,0.1,0.1,142.0,92.0,122.0,58.0,28.0,23.0
16,LACE-016,民族风纹,2026Q2,在售,355.0,9230.0,6.0,1.0,5.0,1016.0,0.1156,0.2897,0.8333,1.1914,0.3051,0,,1.0,2301.0,2356.0,410.0,1.0,0.15,1.6,1.5,0.7,0.5,0.8,2.3,1.4,1.1,0.2,0.1,242.0,177.0,294.0,152.0,37.0,110.0
17,LACE-017,巴洛克纹,2024Q3,未上市,,,,,,,,,,,,0,,1.0,,,,,,,,,,,,,,,,,,,,,
17,LACE-017,巴洛克纹,2024Q4,未上市,,,,,,,,,,,,0,,1.0,,,,,,,,,,,,,,,,,,,,,
17,LACE-017,巴洛克纹,2025Q1,在售,64.0,2176.0,1.0,1.0,0.0,145.0,0.0321,0.1149,0.0,,,0,,1.0,3110.0,3112.0,66.0,0.0,0.02,0.3,0.2,0.2,0.2,0.1,0.4,0.3,0.2,0.0,0.0,40.0,33.0,26.0,12.0,7.0,8.0
17,LACE-017,巴洛克纹,2025Q2,在售,202.0,6868.0,3.0,1.0,2.0,797.0,0.0584,0.1246,0.6667,2.1562,,0,,1.0,3112.0,3106.0,196.0,0.0,0.06,0.8,0.8,0.4,0.3,0.4,1.1,1.0,0.5,0.2,0.1,262.0,132.0,189.0,81.0,45.0,98.0
17,LACE-017,巴洛克纹,2025Q3,在售,279.0,9486.0,3.0,1.0,2.0,1078.0,0.0661,0.1754,0.6667,0.3812,,0,,1.0,3106.0,3215.0,388.0,1.0,0.09,0.8,0.9,0.5,0.3,0.3,1.5,0.7,0.5,0.2,0.1,328.0,268.0,201.0,141.0,69.0,107.0
17,LACE-017,巴洛克纹,2025Q4,在售,328.0,11152.0,7.0,1.0,6.0,1305.0,0.07,0.23,0.8571,0.1756,,0,,1.0,3215.0,3099.0,212.0,0.0,0.1,2.6,2.1,0.8,0.6,0.7,2.8,1.7,1.1,0.5,0.2,286.0,343.0,342.0,68.0,58.0,186.0
17,LACE-017,巴洛克纹,2026Q1,在售,312.0,10608.0,5.0,1.0,4.0,1129.0,0.1006,0.2674,0.8,-0.0488,3.875,0,,1.0,3099.0,3057.0,270.0,0.0,0.1,1.6,1.5,0.6,0.6,0.3,2.7,1.5,1.0,0.3,0.1,310.0,307.0,320.0,83.0,85.0,72.0
17,LACE-017,巴洛克纹,2026Q2,在售,533.0,18122.0,12.0,3.0,9.0,1028.0,0.1027,0.2822,0.75,0.7083,1.6386,0,,1.0,3057.0,3014.0,490.0,0.0,0.18,3.4,3.6,2.1,1.2,1.2,6.1,3.7,1.9,0.7,0.4,408.0,171.0,225.0,105.0,68.0,80.0
18,LACE-018,巴洛克纹,2024Q3,未上市,,,,,,,,,,,,0,,1.0,,,,,,,,,,,,,,,,,,,,,
18,LACE-018,巴洛克纹,2024Q4,未上市,,,,,,,,,,,,0,,1.0,,,,,,,,,,,,,,,,,,,,,
18,LACE-018,巴洛克纹,2025Q1,在售,46.0,2392.0,1.0,1.0,0.0,266.0,0.046,0.103,0.0,,,0,,1.0,2548.0,2532.0,30.0,0.0,0.02,0.2,0.3,0.2,0.1,0.1,0.5,0.3,0.2,0.0,0.0,63.0,42.0,48.0,32.0,21.0,23.0
18,LACE-018,巴洛克纹,2025Q2,在售,153.0,7956.0,3.0,1.0,2.0,566.0,0.0591,0.1532,0.6667,2.3261,,0,,1.0,2532.0,2517.0,138.0,0.0,0.06,1.0,0.8,0.5,0.4,0.3,1.2,1.0,0.4,0.1,0.1,155.0,159.0,143.0,63.0,12.0,42.0
18,LACE-018,巴洛克纹,2025Q3,在售,341.0,17732.0,7.0,1.0,6.0,970.0,0.0783,0.1792,0.8571,1.2288,,0,,1.0,2517.0,2447.0,271.0,1.0,0.14,2.3,1.7,0.8,0.5,0.5,3.5,2.0,1.3,0.2,0.3,267.0,209.0,263.0,86.0,27.0,131.0
18,LACE-018,巴洛克纹,2025Q4,在售,434.0,22568.0,5.0,1.0,4.0,2036.0,0.0977,0.2339,0.8,0.2727,,0,,1.0,2447.0,2295.0,282.0,1.0,0.18,1.8,1.3,0.8,0.6,0.7,2.4,1.7,0.8,0.3,0.2,659.0,465.0,526.0,266.0,128.0,132.0
18,LACE-018,巴洛克纹,2026Q1,在售,275.0,14300.0,4.0,1.0,3.0,1712.0,0.092,0.2378,0.75,-0.3664,4.9783,0,,1.0,2295.0,2248.0,228.0,0.0,0.12,1.2,0.9,0.5,0.4,0.3,1.8,1.1,0.5,0.2,0.1,626.0,513.0,411.0,122.0,92.0,162.0
18,LACE-018,巴洛克纹,2026Q2,已下架,631.0,32812.0,8.0,1.0,7.0,3700.0,0.1245,0.2483,0.875,1.2945,3.1242,0,,1.0,2248.0,2157.0,540.0,1.0,0.29,2.6,2.3,1.3,0.8,0.6,3.3,2.5,1.0,0.3,0.4,1051.0,1067.0,865.0,231.0,178.0,485.0
19,LACE-019,巴洛克纹,2024Q3,未上市,,,,,,,,,,,,0,,1.0,,,,,,,,,,,,,,,,,,,,,
19,LACE-019,巴洛克纹,2024Q4,在售,149.0,6407.0,2.0,1.0,1.0,533.0,0.0268,0.0785,0.5,,,0,,1.0,3391.0,3412.0,170.0,0.0,0.04,0.6,0.6,0.3,0.2,0.3,0.9,0.5,0.2,0.0,0.1,125.0,130.0,146.0,48.0,23.0,72.0
19,LACE-019,巴洛克纹,2025Q1,在售,112.0,4816.0,2.0,1.0,1.0,558.0,0.0687,0.1069,0.5,-0.2483,,0,,1.0,3412.0,3387.0,87.0,0.0,0.03,0.7,0.5,0.2,0.2,0.2,0.8,0.6,0.3,0.1,0.1,170.0,122.0,142.0,81.0,43.0,57.0
19,LACE-019,巴洛克纹,2025Q2,在售,389.0,16727.0,5.0,1.0,4.0,1705.0,0.0596,0.145,0.8,2.4732,,0,,1.0,3387.0,3541.0,543.0,0.0,0.11,1.8,1.5,0.9,0.5,0.4,2.6,1.7,0.7,0.4,0.2,646.0,480.0,462.0,100.0,105.0,175.0
19,LACE-019,巴洛克纹,2025Q3,在售,324.0,13932.0,7.0,2.0,5.0,989.0,0.0972,0.1923,0.7143,-0.1671,,0,,1.0,3541.0,3624.0,407.0,0.0,0.09,1.8,1.8,1.0,0.9,0.7,2.5,1.8,0.8,0.2,0.2,206.0,190.0,278.0,53.0,73.0,89.0
19,LACE-019,巴洛克纹,2025Q4,在售,790.0,33970.0,14.0,3.0,11.0,2865.0,0.111,0.2638,0.7857,1.4383,4.302,0,,1.0,3624.0,3417.0,583.0,2.0,0.22,5.3,3.4,2.1,1.3,1.8,6.7,3.5,1.6,0.7,0.3,962.0,810.0,616.0,193.0,101.0,420.0
19,LACE-019,巴洛克纹,2026Q1,在售,293.0,12599.0,9.0,2.0,7.0,997.0,0.1125,0.2853,0.7778,-0.6291,1.6161,0,,1.0,3417.0,3383.0,259.0,0.0,0.09,2.5,2.1,1.5,1.0,1.2,4.0,2.5,1.4,0.3,0.4,210.0,225.0,288.0,54.0,32.0,84.0
19,LACE-019,巴洛克纹,2026Q2,在售,602.0,25886.0,18.0,4.0,14.0,2448.0,0.1222,0.3291,0.7778,1.0546,0.5476,0,,1.0,3383.0,3347.0,566.0,0.0,0.18,6.2,4.2,3.3,2.0,1.8,9.3,4.4,2.8,0.8,0.7,971.0,537.0,391.0,309.0,178.0,272.0
20,LACE-020,巴洛克纹,2024Q3,未上市,,,,,,,,,,,,0,,1.0,,,,,,,,,,,,,,,,,,,,,
20,LACE-020,巴洛克纹,2024Q4,未上市,,,,,,,,,,,,0,,1.0,,,,,,,,,,,,,,,,,,,,,
20,LACE-020,巴洛克纹,2025Q1,未上市,,,,,,,,,,,,0,,1.0,,,,,,,,,,,,,,,,,,,,,
20,LACE-020,巴洛克纹,2025Q2,在售,253.0,8602.0,4.0,1.0,3.0,627.0,0.0391,0.1041,0.75,,,0,,1.0,2473.0,2438.0,218.0,0.0,0.1,1.2,1.0,0.6,0.4,0.4,2.0,1.2,0.8,0.3,0.1,245.0,153.0,174.0,50.0,43.0,59.0
20,LACE-020,巴洛克纹,2025Q3,在售,68.0,2312.0,2.0,1.0,1.0,272.0,0.0452,0.1429,0.5,-0.7312,,0,,1.0,2438.0,2441.0,71.0,0.0,0.03,0.6,0.5,0.3,0.3,0.2,0.7,0.6,0.2,0.1,0.1,103.0,43.0,44.0,17.0,17.0,36.0
20,LACE-020,巴洛克纹,2025Q4,在售,309.0,10506.0,5.0,1.0,4.0,1221.0,0.0757,0.1658,0.8,3.5441,,0,,1.0,2441.0,2320.0,188.0,1.0,0.13,1.8,1.5,0.9,0.6,0.4,2.2,1.2,0.6,0.3,0.2,311.0,252.0,341.0,84.0,46.0,158.0
20,LACE-020,巴洛克纹,2026Q1,在售,308.0,10472.0,5.0,1.0,4.0,889.0,0.0801,0.2017,0.8,-0.0032,,0,,1.0,2320.0,2322.0,310.0,1.0,0.13,1.5,1.2,0.5,0.6,0.5,2.1,1.1,0.7,0.1,0.1,236.0,204.0,177.0,46.0,32.0,79.0
20,LACE-020,巴洛克纹,2026Q2,在售,403.0,13702.0,6.0,1.0,5.0,1305.0,0.1139,0.2145,0.8333,0.3084,0.5929,0,,1.0,2322.0,2428.0,509.0,1.0,0.17,1.8,1.7,0.8,0.6,0.4,2.4,2.0,1.0,0.2,0.1,318.0,201.0,268.0,92.0,37.0,67.0
21,LACE-021,巴洛克纹,2024Q3,未上市,,,,,,,,,,,,0,,1.0,,,,,,,,,,,,,,,,,,,,,
21,LACE-021,巴洛克纹,2024Q4,未上市,,,,,,,,,,,,0,,1.0,,,,,,,,,,,,,,,,,,,,,
21,LACE-021,巴洛克纹,2025Q1,未上市,,,,,,,,,,,,0,,1.0,,,,,,,,,,,,,,,,,,,,,
21,LACE-021,巴洛克纹,2025Q2,未上市,,,,,,,,,,,,0,,1.0,,,,,,,,,,,,,,,,,,,,,
21,LACE-021,巴洛克纹,2025Q3,未上市,,,,,,,,,,,,0,,1.0,,,,,,,,,,,,,,,,,,,,,
21,LACE-021,巴洛克纹,2025Q4,未上市,,,,,,,,,,,,0,,1.0,,,,,,,,,,,,,,,,,,,,,
21,LACE-021,巴洛克纹,2026Q1,未上市,,,,,,,,,,,,0,,1.0,,,,,,,,,,,,,,,,,,,,,
21,LACE-021,巴洛克纹,2026Q2,在售,196.0,6664.0,2.0,1.0,1.0,492.0,0.0435,0.0834,0.5,,,0,,1.0,2074.0,2076.0,198.0,0.0,0.09,0.6,0.5,0.3,0.3,0.2,1.0,0.5,0.3,0.1,0.1,101.0,117.0,85.0,72.0,32.0,43.0
22,LACE-022,几何纹,2024Q3,未上市,,,,,,,,,,,,0,,1.0,,,,,,,,,,,,,,,,,,,,,
22,LACE-022,几何纹,2024Q4,未上市,,,,,,,,,,,,0,,1.0,,,,,,,,,,,,,,,,,,,,,
22,LACE-022,几何纹,2025Q1,未上市,,,,,,,,,,,,0,,1.0,,,,,,,,,,,,,,,,,,,,,
22,LACE-022,几何纹,2025Q2,在售,102.0,3570.0,2.0,1.0,1.0,313.0,0.0493,0.1124,0.5,,,0,,1.0,4276.0,4266.0,92.0,0.0,0.02,0.6,0.6,0.3,0.3,0.2,1.0,0.5,0.2,0.1,0.1,95.0,52.0,57.0,26.0,23.0,30.0
22,LACE-022,几何纹,2025Q3,在售,85.0,2975.0,2.0,1.0,1.0,190.0,0.0482,0.155,0.5,-0.1667,,0,,1.0,4266.0,4263.0,82.0,0.0,0.02,0.6,0.6,0.3,0.3,0.2,1.0,0.6,0.4,0.1,0.1,72.0,54.0,37.0,12.0,14.0,20.0
22,LACE-022,几何纹,2025Q4,在售,612.0,21420.0,13.0,3.0,10.0,1548.0,0.0785,0.1962,0.7692,6.2,,1,双十一,1.2,4263.0,4201.0,550.0,0.0,0.14,4.9,3.5,2.3,0.9,1.3,6.5,4.2,2.3,1.0,0.6,509.0,245.0,295.0,98.0,46.0,231.0
22,LACE-022,几何纹,2026Q1,在售,252.0,8820.0,6.0,1.0,5.0,443.0,0.0841,0.2004,0.8333,-0.5882,,0,,1.0,4201.0,4163.0,214.0,0.0,0.06,1.9,1.5,0.8,0.7,0.7,3.0,1.7,0.7,0.3,0.1,127.0,112.0,88.0,62.0,35.0,35.0
22,LACE-022,几何纹,2026Q2,在售,647.0,22645.0,14.0,3.0,11.0,2302.0,0.1087,0.219,0.7857,1.5675,5.3431,0,,1.0,4163.0,4273.0,757.0,0.0,0.15,4.9,4.7,1.7,1.1,1.9,7.2,4.2,2.1,0.7,0.7,770.0,562.0,465.0,340.0,101.0,183.0
23,LACE-023,纯色,2024Q3,未上市,,,,,,,,,,,,0,,1.0,,,,,,,,,,,,,,,,,,,,,
23,LACE-023,纯色,2024Q4,未上市,,,,,,,,,,,,0,,1.0,,,,,,,,,,,,,,,,,,,,,
23,LACE-023,纯色,2025Q1,在售,35.0,525.0,1.0,1.0,0.0,48.0,0.0333,0.0719,0.0,,,0,,1.0,3040.0,3053.0,48.0,0.0,0.01,0.2,0.3,0.2,0.2,0.1,0.4,0.3,0.2,0.1,0.0,11.0,10.0,13.0,6.0,3.0,4.0
23,LACE-023,纯色,2025Q2,在售,120.0,1800.0,2.0,1.0,1.0,134.0,0.0595,0.147,0.5,2.4286,,0,,1.0,3053.0,3096.0,163.0,0.0,0.04,0.6,0.6,0.3,0.3,0.2,0.9,0.4,0.2,0.2,0.1,30.0,29.0,26.0,20.0,8.0,19.0
23,LACE-023,纯色,2025Q3,在售,95.0,1425.0,2.0,1.0,1.0,85.0,0.0704,0.1825,0.5,-0.2083,,0,,1.0,3096.0,3099.0,98.0,0.0,0.03,0.6,0.5,0.3,0.2,0.2,1.1,0.6,0.3,0.1,0.0,21.0,18.0,21.0,5.0,6.0,6.0
23,LACE-023,纯色,2025Q4,在售,185.0,2775.0,2.0,1.0,1.0,282.0,0.0737,0.2234,0.5,0.9474,,0,,1.0,3099.0,3070.0,156.0,0.0,0.06,0.6,0.5,0.2,0.3,0.2,0.8,0.4,0.4,0.1,0.1,61.0,59.0,63.0,40.0,17.0,21.0
23,LACE-023,纯色,2026Q1,在售,179.0,2685.0,3.0,1.0,2.0,247.0,0.0933,0.24,0.6667,-0.0324,4.1143,0,,1.0,3070.0,3083.0,192.0,0.0,0.06,0.9,0.8,0.5,0.3,0.3,1.2,0.6,0.5,0.2,0.1,87.0,73.0,68.0,35.0,13.0,15.0
23,LACE-023,纯色,2026Q2,在售,264.0,3960.0,3.0,1.0,2.0,469.0,0.1019,0.2763,0.6667,0.4749,1.2,0,,1.0,3083.0,3123.0,304.0,0.0,0.09,0.9,0.8,0.5,0.3,0.2,1.1,0.6,0.3,0.1,0.1,165.0,109.0,129.0,30.0,24.0,50.0
24,LACE-024,巴洛克纹,2024Q3,未上市,,,,,,,,,,,,0,,1.0,,,,,,,,,,,,,,,,,,,,,
24,LACE-024,巴洛克纹,2024Q4,未上市,,,,,,,,,,,,0,,1.0,,,,,,,,,,,,,,,,,,,,,
24,LACE-024,巴洛克纹,2025Q1,未上市,,,,,,,,,,,,0,,1.0,,,,,,,,,,,,,,,,,,,,,
24,LACE-024,巴洛克纹,2025Q2,未上市,,,,,,,,,,,,0,,1.0,,,,,,,,,,,,,,,,,,,,,
24,LACE-024,巴洛克纹,2025Q3,在售,150.0,6000.0,2.0,1.0,1.0,508.0,0.0298,0.0884,0.5,,,0,,1.0,4075.0,4098.0,173.0,0.0,0.04,0.7,0.5,0.3,0.2,0.2,0.9,0.5,0.3,0.1,0.1,135.0,119.0,83.0,44.0,19.0,46.0
24,LACE-024,巴洛克纹,2025Q4,在售,173.0,6920.0,3.0,1.0,2.0,818.0,0.0578,0.1491,0.6667,0.1533,,0,,1.0,4098.0,4030.0,105.0,0.0,0.04,0.8,0.7,0.4,0.3,0.3,1.6,0.6,0.4,0.1,0.1,265.0,218.0,160.0,89.0,54.0,110.0
24,LACE-024,巴洛克纹,2026Q1,在售,212.0,8480.0,2.0,1.0,1.0,1003.0,0.0636,0.1757,0.5,0.2254,,0,,1.0,4030.0,3978.0,160.0,0.0,0.05,0.6,0.6,0.4,0.2,0.2,0.8,0.5,0.4,0.1,0.1,401.0,267.0,159.0,149.0,41.0,98.0
24,LACE-024,巴洛克纹,2026Q2,在售,394.0,15760.0,5.0,1.0,4.0,1874.0,0.0735,0.2226,0.8,0.8585,,0,,1.0,3978.0,3831.0,247.0,0.0,0.1,1.6,1.6,0.8,0.4,0.3,2.2,1.3,1.0,0.2,0.2,666.0,492.0,514.0,204.0,107.0,106.0
25,LACE-025,巴洛克纹,2024Q3,未上市,,,,,,,,,,,,0,,1.0,,,,,,,,,,,,,,,,,,,,,
25,LACE-025,巴洛克纹,2024Q4,未上市,,,,,,,,,,,,0,,1.0,,,,,,,,,,,,,,,,,,,,,
25,LACE-025,巴洛克纹,2025Q1,未上市,,,,,,,,,,,,0,,1.0,,,,,,,,,,,,,,,,,,,,,
25,LACE-025,巴洛克纹,2025Q2,未上市,,,,,,,,,,,,0,,1.0,,,,,,,,,,,,,,,,,,,,,
25,LACE-025,巴洛克纹,2025Q3,未上市,,,,,,,,,,,,0,,1.0,,,,,,,,,,,,,,,,,,,,,
25,LACE-025,巴洛克纹,2025Q4,未上市,,,,,,,,,,,,0,,1.0,,,,,,,,,,,,,,,,,,,,,
25,LACE-025,巴洛克纹,2026Q1,未上市,,,,,,,,,,,,0,,1.0,,,,,,,,,,,,,,,,,,,,,
25,LACE-025,巴洛克纹,2026Q2,在售,248.0,5456.0,3.0,1.0,2.0,340.0,0.0433,0.0823,0.6667,,,0,,1.0,4350.0,4324.0,222.0,0.0,0.06,1.0,0.8,0.3,0.4,0.2,1.4,0.9,0.5,0.2,0.1,118.0,70.0,92.0,28.0,16.0,50.0
26,LACE-026,巴洛克纹,2024Q3,未上市,,,,,,,,,,,,0,,1.0,,,,,,,,,,,,,,,,,,,,,
26,LACE-026,巴洛克纹,2024Q4,未上市,,,,,,,,,,,,0,,1.0,,,,,,,,,,,,,,,,,,,,,
26,LACE-026,巴洛克纹,2025Q1,未上市,,,,,,,,,,,,0,,1.0,,,,,,,,,,,,,,,,,,,,,
26,LACE-026,巴洛克纹,2025Q2,在售,229.0,5725.0,3.0,1.0,2.0,497.0,0.0364,0.0912,0.6667,,,0,,1.0,4186.0,4168.0,211.0,0.0,0.05,1.0,0.7,0.4,0.2,0.4,1.1,0.8,0.3,0.2,0.0,193.0,91.0,108.0,63.0,14.0,66.0
26,LACE-026,巴洛克纹,2025Q3,在售,109.0,2725.0,2.0,1.0,1.0,280.0,0.0634,0.1114,0.5,-0.524,,0,,1.0,4168.0,4141.0,82.0,0.0,0.03,0.5,0.5,0.3,0.3,0.2,0.8,0.6,0.3,0.1,0.0,95.0,68.0,80.0,38.0,11.0,39.0
26,LACE-026,巴洛克纹,2025Q4,在售,540.0,13500.0,15.0,2.0,13.0,1498.0,0.0682,0.1898,0.8667,3.9541,,0,,1.0,4141.0,4182.0,581.0,0.0,0.13,5.5,3.5,2.2,2.0,1.4,7.6,4.4,2.0,0.5,0.2,494.0,437.0,435.0,213.0,79.0,83.0
26,LACE-026,巴洛克纹,2026Q1,在售,220.0,5500.0,5.0,1.0,4.0,277.0,0.0982,0.2215,0.8,-0.5926,,0,,1.0,4182.0,4146.0,184.0,0.0,0.05,1.8,1.2,0.8,0.4,0.4,2.2,1.1,0.5,0.4,0.2,88.0,61.0,55.0,34.0,14.0,25.0
26,LACE-026,巴洛克纹,2026Q2,在售,654.0,16350.0,10.0,1.0,9.0,1741.0,0.1003,0.2472,0.9,1.9727,1.8559,0,,1.0,4146.0,4009.0,517.0,0.0,0.16,3.5,2.7,1.9,1.2,1.0,5.5,3.4,2.0,0.6,0.4,665.0,413.0,295.0,187.0,71.0,181.0
27,LACE-027,几何纹,2024Q3,在售,104.0,2080.0,1.0,1.0,0.0,146.0,0.0313,0.1034,0.0,,,0,,1.0,4658.0,4669.0,115.0,0.0,0.02,0.3,0.2,0.2,0.1,0.1,0.5,0.3,0.2,0.1,0.0,49.0,40.0,32.0,8.0,8.0,16.0
27,LACE-027,几何纹,2024Q4,在售,95.0,1900.0,1.0,1.0,0.0,175.0,0.0574,0.1211,0.0,-0.0865,,0,,1.0,4669.0,4675.0,101.0,0.0,0.02,0.2,0.2,0.2,0.1,0.1,0.4,0.2,0.1,0.0,0.0,59.0,40.0,30.0,24.0,6.0,14.0
27,LACE-027,几何纹,2025Q1,在售,201.0,4020.0,5.0,1.0,4.0,226.0,0.0814,0.1511,0.8,1.1158,,0,,1.0,4675.0,4716.0,242.0,0.0,0.04,1.8,1.5,0.6,0.7,0.6,2.0,1.5,0.7,0.2,0.2,88.0,54.0,60.0,22.0,17.0,31.0
27,LACE-027,几何纹,2025Q2,在售,330.0,6600.0,10.0,1.0,9.0,418.0,0.0891,0.175,0.9,0.6418,,0,,1.0,4716.0,4607.0,221.0,0.0,0.07,3.3,2.5,1.4,1.4,1.2,4.3,2.8,1.6,0.8,0.1,131.0,67.0,94.0,38.0,19.0,49.0
27,LACE-027,几何纹,2025Q3,在售,381.0,7620.0,5.0,1.0,4.0,410.0,0.0988,0.2501,0.8,0.1545,2.6635,0,,1.0,4607.0,4605.0,379.0,0.0,0.08,1.9,1.4,0.7,0.5,0.5,2.7,1.3,1.0,0.3,0.2,89.0,116.0,94.0,43.0,9.0,61.0
27,LACE-027,几何纹,2025Q4,在售,647.0,12940.0,10.0,2.0,8.0,1166.0,0.1037,0.2922,0.8,0.6982,5.8105,0,,1.0,4605.0,4818.0,860.0,1.0,0.14,3.0,2.8,1.1,1.2,0.9,5.1,2.1,1.4,0.5,0.2,275.0,267.0,239.0,74.0,72.0,80.0
27,LACE-027,几何纹,2026Q1,在售,367.0,7340.0,7.0,1.0,6.0,478.0,0.1327,0.3068,0.8571,-0.4328,0.8259,0,,1.0,4818.0,4768.0,317.0,0.0,0.08,2.1,1.4,1.0,1.0,0.8,3.5,2.0,0.7,0.3,0.3,111.0,77.0,137.0,52.0,20.0,46.0
27,LACE-027,几何纹,2026Q2,在售,267.0,5340.0,6.0,1.0,5.0,561.0,0.1333,0.3336,0.8333,-0.2725,-0.1909,0,,1.0,4768.0,4802.0,301.0,0.0,0.06,2.3,1.6,1.0,0.8,0.7,2.9,1.2,1.1,0.2,0.2,165.0,132.0,163.0,66.0,38.0,76.0
28,LACE-028,巴洛克纹,2024Q3,未上市,,,,,,,,,,,,0,,1.0,,,,,,,,,,,,,,,,,,,,,
28,LACE-028,巴洛克纹,2024Q4,在售,173.0,9342.0,3.0,1.0,2.0,894.0,0.0431,0.0709,0.6667,,,0,,1.0,2031.0,2075.0,217.0,0.0,0.08,0.8,0.9,0.3,0.3,0.2,1.6,1.0,0.4,0.2,0.1,195.0,204.0,171.0,48.0,67.0,112.0
28,LACE-028,巴洛克纹,2025Q1,在售,105.0,5670.0,1.0,1.0,0.0,344.0,0.0431,0.1314,0.0,-0.3931,,0,,1.0,2075.0,2108.0,138.0,0.0,0.05,0.3,0.2,0.2,0.2,0.1,0.5,0.3,0.2,0.1,0.0,106.0,96.0,56.0,43.0,17.0,21.0
28,LACE-028,巴洛克纹,2025Q2,在售,304.0,16416.0,4.0,1.0,3.0,1659.0,0.0776,0.1544,0.75,1.8952,,0,,1.0,2108.0,2180.0,376.0,0.0,0.14,1.3,0.9,0.5,0.3,0.3,2.1,1.4,0.6,0.3,0.1,434.0,419.0,377.0,219.0,111.0,202.0
28,LACE-028,巴洛克纹,2025Q3,在售,259.0,13986.0,4.0,1.0,3.0,1254.0,0.0838,0.2164,0.75,-0.148,,0,,1.0,2180.0,2085.0,164.0,1.0,0.12,1.2,1.2,0.6,0.5,0.5,2.2,1.2,0.6,0.2,0.1,258.0,322.0,285.0,65.0,64.0,145.0
28,LACE-028,巴洛克纹,2025Q4,在售,688.0,37152.0,13.0,2.0,11.0,2459.0,0.1028,0.2379,0.8462,1.6564,2.9769,0,,1.0,2085.0,2175.0,778.0,1.0,0.32,3.8,4.2,2.1,1.2,1.0,6.4,2.8,1.7,0.5,0.4,705.0,591.0,437.0,198.0,99.0,214.0
28,LACE-028,巴洛克纹,2026Q1,在售,353.0,19062.0,6.0,1.0,5.0,1907.0,0.1069,0.2913,0.8333,-0.4869,2.3619,0,,1.0,2175.0,2115.0,293.0,1.0,0.16,2.2,1.3,1.1,0.7,0.7,2.2,1.2,0.9,0.1,0.1,739.0,518.0,443.0,176.0,57.0,115.0
28,LACE-028,巴洛克纹,2026Q2,在售,770.0,41580.0,14.0,2.0,12.0,2499.0,0.1246,0.3222,0.8571,1.1813,1.5329,0,,1.0,2115.0,2162.0,817.0,0.0,0.36,4.2,3.8,2.3,1.9,1.7,5.5,3.1,2.2,1.0,0.4,591.0,437.0,568.0,308.0,125.0,133.0
29,LACE-029,植物花卉纹,2024Q3,未上市,,,,,,,,,,,,0,,1.0,,,,,,,,,,,,,,,,,,,,,
29,LACE-029,植物花卉纹,2024Q4,未上市,,,,,,,,,,,,0,,1.0,,,,,,,,,,,,,,,,,,,,,
29,LACE-029,植物花卉纹,2025Q1,未上市,,,,,,,,,,,,0,,1.0,,,,,,,,,,,,,,,,,,,,,
29,LACE-029,植物花卉纹,2025Q2,未上市,,,,,,,,,,,,0,,1.0,,,,,,,,,,,,,,,,,,,,,
29,LACE-029,植物花卉纹,2025Q3,在售,50.0,1450.0,1.0,1.0,0.0,146.0,0.0536,0.1092,0.0,,,0,,1.0,2363.0,2346.0,33.0,0.0,0.02,0.2,0.3,0.2,0.1,0.1,0.4,0.3,0.1,0.0,0.0,52.0,42.0,40.0,8.0,7.0,17.0
29,LACE-029,植物花卉纹,2025Q4,在售,80.0,2320.0,1.0,1.0,0.0,160.0,0.0642,0.1503,0.0,0.6,,0,,1.0,2346.0,2336.0,70.0,0.0,0.03,0.3,0.3,0.2,0.2,0.1,0.4,0.3,0.2,0.0,0.0,53.0,24.0,37.0,17.0,9.0,15.0
29,LACE-029,植物花卉纹,2026Q1,在售,202.0,5858.0,2.0,1.0,1.0,429.0,0.0606,0.1753,0.5,1.525,,0,,1.0,2336.0,2364.0,230.0,1.0,0.09,0.6,0.5,0.3,0.3,0.2,1.0,0.5,0.4,0.1,0.0,155.0,68.0,110.0,35.0,16.0,43.0
29,LACE-029,植物花卉纹,2026Q2,在售,486.0,14094.0,7.0,2.0,5.0,933.0,0.0882,0.2199,0.7143,1.4059,,0,,1.0,2364.0,2175.0,297.0,0.0,0.21,2.4,2.1,1.2,0.6,0.6,2.8,2.1,1.1,0.3,0.2,293.0,260.0,245.0,111.0,36.0,65.0
30,LACE-030,几何纹,2024Q3,未上市,,,,,,,,,,,,0,,1.0,,,,,,,,,,,,,,,,,,,,,
30,LACE-030,几何纹,2024Q4,未上市,,,,,,,,,,,,0,,1.0,,,,,,,,,,,,,,,,,,,,,
30,LACE-030,几何纹,2025Q1,未上市,,,,,,,,,,,,0,,1.0,,,,,,,,,,,,,,,,,,,,,
30,LACE-030,几何纹,2025Q2,未上市,,,,,,,,,,,,0,,1.0,,,,,,,,,,,,,,,,,,,,,
30,LACE-030,几何纹,2025Q3,未上市,,,,,,,,,,,,0,,1.0,,,,,,,,,,,,,,,,,,,,,
30,LACE-030,几何纹,2025Q4,未上市,,,,,,,,,,,,0,,1.0,,,,,,,,,,,,,,,,,,,,,
30,LACE-030,几何纹,2026Q1,在售,76.0,1976.0,1.0,1.0,0.0,236.0,0.0269,0.1079,0.0,,,0,,1.0,4632.0,4616.0,60.0,0.0,0.02,0.2,0.2,0.1,0.1,0.1,0.4,0.3,0.2,0.1,0.0,76.0,52.0,42.0,27.0,6.0,24.0
30,LACE-030,几何纹,2026Q2,在售,107.0,2782.0,2.0,1.0,1.0,193.0,0.0452,0.1253,0.5,0.4079,,0,,1.0,4616.0,4634.0,125.0,0.0,0.02,0.6,0.6,0.3,0.2,0.2,1.1,0.6,0.2,0.1,0.0,69.0,57.0,47.0,14.0,8.0,21.0
31,LACE-031,巴洛克纹,2024Q3,未上市,,,,,,,,,,,,0,,1.0,,,,,,,,,,,,,,,,,,,,,
31,LACE-031,巴洛克纹,2024Q4,未上市,,,,,,,,,,,,0,,1.0,,,,,,,,,,,,,,,,,,,,,
31,LACE-031,巴洛克纹,2025Q1,在售,60.0,1620.0,1.0,1.0,0.0,108.0,0.0494,0.0779,0.0,,,0,,1.0,3859.0,3842.0,43.0,0.0,0.02,0.3,0.3,0.2,0.2,0.1,0.5,0.3,0.1,0.1,0.0,29.0,31.0,23.0,9.0,4.0,8.0
31,LACE-031,巴洛克纹,2025Q2,在售,200.0,5400.0,2.0,1.0,1.0,559.0,0.0414,0.1073,0.5,2.3333,,0,,1.0,3842.0,3859.0,217.0,0.0,0.05,0.6,0.5,0.3,0.2,0.3,0.7,0.6,0.2,0.1,0.1,182.0,131.0,140.0,75.0,26.0,79.0
31,LACE-031,巴洛克纹,2025Q3,在售,425.0,11475.0,6.0,1.0,5.0,1296.0,0.0578,0.1407,0.8333,1.125,,0,,1.0,3859.0,3927.0,493.0,1.0,0.11,1.7,1.7,0.9,0.5,0.8,3.2,1.4,0.8,0.4,0.1,300.0,270.0,222.0,182.0,27.0,70.0
31,LACE-031,巴洛克纹,2025Q4,在售,413.0,11151.0,7.0,1.0,6.0,788.0,0.0762,0.2338,0.8571,-0.0282,,0,,1.0,3927.0,3883.0,369.0,0.0,0.11,2.2,2.0,1.0,0.6,0.8,3.5,1.9,1.2,0.3,0.1,175.0,134.0,143.0,108.0,50.0,68.0
31,LACE-031,巴洛克纹,2026Q1,在售,480.0,12960.0,11.0,3.0,8.0,1460.0,0.1052,0.2155,0.7273,0.1622,7.0,0,,1.0,3883.0,4063.0,660.0,0.0,0.12,3.7,3.4,1.2,1.1,1.2,4.1,3.2,1.1,0.6,0.5,501.0,314.0,312.0,124.0,73.0,165.0
31,LACE-031,巴洛克纹,2026Q2,在售,583.0,15741.0,11.0,3.0,8.0,1491.0,0.1291,0.2974,0.7273,0.2146,1.915,0,,1.0,4063.0,4283.0,803.0,0.0,0.14,3.0,3.3,1.5,1.0,1.2,4.0,2.4,1.5,0.6,0.3,417.0,387.0,409.0,223.0,115.0,169.0
32,LACE-032,几何纹,2024Q3,未上市,,,,,,,,,,,,0,,1.0,,,,,,,,,,,,,,,,,,,,,
32,LACE-032,几何纹,2024Q4,在售,195.0,6630.0,2.0,1.0,1.0,487.0,0.032,0.1179,0.5,,,0,,1.0,3594.0,3601.0,202.0,0.0,0.05,0.7,0.5,0.3,0.2,0.1,1.0,0.4,0.2,0.1,0.0,115.0,117.0,110.0,72.0,17.0,65.0
32,LACE-032,几何纹,2025Q1,在售,48.0,1632.0,1.0,1.0,0.0,123.0,0.0511,0.1434,0.0,-0.7538,,0,,1.0,3601.0,3598.0,45.0,0.0,0.01,0.3,0.2,0.1,0.2,0.1,0.5,0.2,0.1,0.1,0.0,33.0,22.0,19.0,14.0,5.0,13.0
32,LACE-032,几何纹,2025Q2,在售,252.0,8568.0,4.0,1.0,3.0,742.0,0.066,0.1515,0.75,4.25,,0,,1.0,3598.0,3679.0,333.0,0.0,0.07,1.2,1.0,0.5,0.6,0.5,2.1,1.1,0.4,0.1,0.2,221.0,189.0,194.0,96.0,23.0,44.0
32,LACE-032,几何纹,2025Q3,在售,332.0,11288.0,4.0,1.0,3.0,1191.0,0.0953,0.2044,0.75,0.3175,,0,,1.0,3679.0,3598.0,251.0,1.0,0.09,1.2,1.2,0.6,0.4,0.5,1.4,1.1,0.6,0.1,0.1,454.0,179.0,295.0,120.0,78.0,99.0
32,LACE-032,几何纹,2025Q4,在售,703.0,23902.0,8.0,2.0,6.0,1469.0,0.1016,0.2161,0.75,1.1175,2.6051,0,,1.0,3598.0,3497.0,602.0,1.0,0.2,2.4,2.5,1.2,0.8,0.8,3.1,2.5,1.3,0.5,0.1,431.0,371.0,391.0,214.0,32.0,112.0
32,LACE-032,几何纹,2026Q1,在售,355.0,12070.0,7.0,1.0,6.0,1088.0,0.102,0.2919,0.8571,-0.495,6.3958,0,,1.0,3497.0,3524.0,382.0,0.0,0.1,2.6,1.8,1.2,0.5,0.9,3.7,2.2,0.8,0.4,0.3,270.0,226.0,319.0,88.0,35.0,124.0
32,LACE-032,几何纹,2026Q2,在售,527.0,17918.0,9.0,1.0,8.0,1046.0,0.145,0.307,0.8889,0.4845,1.0913,0,,1.0,3524.0,3547.0,550.0,1.0,0.15,3.5,2.6,1.3,0.9,0.9,3.2,3.1,1.5,0.6,0.3,236.0,260.0,160.0,83.0,81.0,55.0
33,LACE-033,几何纹,2024Q3,未上市,,,,,,,,,,,,0,,1.0,,,,,,,,,,,,,,,,,,,,,
33,LACE-033,几何纹,2024Q4,未上市,,,,,,,,,,,,0,,1.0,,,,,,,,,,,,,,,,,,,,,
33,LACE-033,几何纹,2025Q1,未上市,,,,,,,,,,,,0,,1.0,,,,,,,,,,,,,,,,,,,,,
33,LACE-033,几何纹,2025Q2,未上市,,,,,,,,,,,,0,,1.0,,,,,,,,,,,,,,,,,,,,,
33,LACE-033,几何纹,2025Q3,未上市,,,,,,,,,,,,0,,1.0,,,,,,,,,,,,,,,,,,,,,
33,LACE-033,几何纹,2025Q4,未上市,,,,,,,,,,,,0,,1.0,,,,,,,,,,,,,,,,,,,,,
33,LACE-033,几何纹,2026Q1,在售,57.0,1653.0,1.0,1.0,0.0,167.0,0.0464,0.1023,0.0,,,0,,1.0,4479.0,4461.0,39.0,0.0,0.01,0.2,0.2,0.1,0.1,0.1,0.4,0.3,0.2,0.0,0.0,35.0,32.0,27.0,18.0,12.0,20.0
33,LACE-033,几何纹,2026Q2,在售,85.0,2465.0,1.0,1.0,0.0,152.0,0.0474,0.1108,0.0,0.4912,,0,,1.0,4461.0,4466.0,90.0,0.0,0.02,0.3,0.2,0.1,0.2,0.1,0.5,0.3,0.2,0.0,0.0,43.0,31.0,30.0,9.0,4.0,14.0
34,LACE-034,巴洛克纹,2024Q3,未上市,,,,,,,,,,,,0,,1.0,,,,,,,,,,,,,,,,,,,,,
34,LACE-034,巴洛克纹,2024Q4,未上市,,,,,,,,,,,,0,,1.0,,,,,,,,,,,,,,,,,,,,,
34,LACE-034,巴洛克纹,2025Q1,未上市,,,,,,,,,,,,0,,1.0,,,,,,,,,,,,,,,,,,,,,
34,LACE-034,巴洛克纹,2025Q2,未上市,,,,,,,,,,,,0,,1.0,,,,,,,,,,,,,,,,,,,,,
34,LACE-034,巴洛克纹,2025Q3,未上市,,,,,,,,,,,,0,,1.0,,,,,,,,,,,,,,,,,,,,,
34,LACE-034,巴洛克纹,2025Q4,未上市,,,,,,,,,,,,0,,1.0,,,,,,,,,,,,,,,,,,,,,
34,LACE-034,巴洛克纹,2026Q1,未上市,,,,,,,,,,,,0,,1.0,,,,,,,,,,,,,,,,,,,,,
34,LACE-034,巴洛克纹,2026Q2,在售,142.0,5396.0,2.0,1.0,1.0,546.0,0.0478,0.0766,0.5,,,0,,1.0,2965.0,2915.0,92.0,0.0,0.05,0.6,0.5,0.4,0.2,0.2,0.9,0.5,0.4,0.1,0.0,113.0,94.0,126.0,47.0,15.0,51.0
35,LACE-035,巴洛克纹,2024Q3,未上市,,,,,,,,,,,,0,,1.0,,,,,,,,,,,,,,,,,,,,,
35,LACE-035,巴洛克纹,2024Q4,未上市,,,,,,,,,,,,0,,1.0,,,,,,,,,,,,,,,,,,,,,
35,LACE-035,巴洛克纹,2025Q1,未上市,,,,,,,,,,,,0,,1.0,,,,,,,,,,,,,,,,,,,,,
35,LACE-035,巴洛克纹,2025Q2,未上市,,,,,,,,,,,,0,,1.0,,,,,,,,,,,,,,,,,,,,,
35,LACE-035,巴洛克纹,2025Q3,在售,68.0,1700.0,1.0,1.0,0.0,104.0,0.0355,0.0711,0.0,,,0,,1.0,2641.0,2635.0,62.0,0.0,0.03,0.3,0.2,0.2,0.1,0.1,0.5,0.2,0.2,0.0,0.0,25.0,27.0,20.0,10.0,4.0,12.0
35,LACE-035,巴洛克纹,2025Q4,在售,146.0,3650.0,2.0,1.0,1.0,339.0,0.0646,0.1314,0.5,1.1471,,0,,1.0,2635.0,2599.0,110.0,0.0,0.06,0.6,0.5,0.4,0.2,0.2,0.8,0.4,0.3,0.1,0.1,107.0,101.0,89.0,23.0,11.0,25.0
35,LACE-035,巴洛克纹,2026Q1,在售,261.0,6525.0,3.0,1.0,2.0,689.0,0.0613,0.1668,0.6667,0.7877,,0,,1.0,2599.0,2515.0,177.0,0.0,0.1,0.9,0.8,0.5,0.4,0.3,1.4,1.0,0.4,0.1,0.0,217.0,144.0,151.0,65.0,44.0,91.0
35,LACE-035,巴洛克纹,2026Q2,在售,490.0,12250.0,9.0,2.0,7.0,1121.0,0.0785,0.2067,0.7778,0.8774,,0,,1.0,2515.0,2467.0,442.0,1.0,0.2,2.7,2.3,1.2,0.9,0.9,4.6,2.1,0.9,0.5,0.4,408.0,301.0,304.0,93.0,28.0,132.0
36,LACE-036,几何纹,2024Q3,未上市,,,,,,,,,,,,0,,1.0,,,,,,,,,,,,,,,,,,,,,
36,LACE-036,几何纹,2024Q4,未上市,,,,,,,,,,,,0,,1.0,,,,,,,,,,,,,,,,,,,,,
36,LACE-036,几何纹,2025Q1,未上市,,,,,,,,,,,,0,,1.0,,,,,,,,,,,,,,,,,,,,,
36,LACE-036,几何纹,2025Q2,未上市,,,,,,,,,,,,0,,1.0,,,,,,,,,,,,,,,,,,,,,
36,LACE-036,几何纹,2025Q3,在售,58.0,1682.0,1.0,1.0,0.0,158.0,0.0391,0.1011,0.0,,,0,,1.0,4820.0,4799.0,37.0,0.0,0.01,0.2,0.3,0.1,0.1,0.1,0.5,0.2,0.1,0.0,0.0,56.0,39.0,43.0,23.0,5.0,18.0
36,LACE-036,几何纹,2025Q4,在售,196.0,5684.0,2.0,1.0,1.0,336.0,0.0645,0.147,0.5,2.3793,,1,双十一,1.2,4799.0,4826.0,223.0,0.0,0.04,0.6,0.5,0.3,0.2,0.2,0.8,0.4,0.3,0.0,0.0,105.0,97.0,71.0,31.0,17.0,24.0
36,LACE-036,几何纹,2026Q1,在售,184.0,5336.0,2.0,1.0,1.0,584.0,0.0656,0.1398,0.5,-0.0612,,0,,1.0,4826.0,4801.0,159.0,0.0,0.04,0.6,0.5,0.3,0.2,0.1,1.1,0.7,0.3,0.1,0.1,207.0,116.0,165.0,69.0,36.0,39.0
36,LACE-036,几何纹,2026Q2,在售,503.0,14587.0,8.0,1.0,7.0,1205.0,0.0768,0.2163,0.875,1.7337,,0,,1.0,4801.0,4630.0,332.0,0.0,0.11,2.2,2.6,0.9,1.0,0.9,4.0,2.5,1.5,0.2,0.1,432.0,341.0,315.0,118.0,56.0,118.0
37,LACE-037,巴洛克纹,2024Q3,未上市,,,,,,,,,,,,0,,1.0,,,,,,,,,,,,,,,,,,,,,
37,LACE-037,巴洛克纹,2024Q4,未上市,,,,,,,,,,,,0,,1.0,,,,,,,,,,,,,,,,,,,,,
37,LACE-037,巴洛克纹,2025Q1,未上市,,,,,,,,,,,,0,,1.0,,,,,,,,,,,,,,,,,,,,,
37,LACE-037,巴洛克纹,2025Q2,未上市,,,,,,,,,,,,0,,1.0,,,,,,,,,,,,,,,,,,,,,
37,LACE-037,巴洛克纹,2025Q3,未上市,,,,,,,,,,,,0,,1.0,,,,,,,,,,,,,,,,,,,,,
37,LACE-037,巴洛克纹,2025Q4,未上市,,,,,,,,,,,,0,,1.0,,,,,,,,,,,,,,,,,,,,,
37,LACE-037,巴洛克纹,2026Q1,未上市,,,,,,,,,,,,0,,1.0,,,,,,,,,,,,,,,,,,,,,
37,LACE-037,巴洛克纹,2026Q2,在售,82.0,2706.0,1.0,1.0,0.0,226.0,0.0284,0.1093,0.0,,,0,,1.0,3008.0,2986.0,60.0,0.0,0.03,0.3,0.2,0.2,0.2,0.1,0.5,0.3,0.1,0.1,0.0,68.0,56.0,58.0,14.0,18.0,11.0
38,LACE-038,纯色,2024Q3,未上市,,,,,,,,,,,,0,,1.0,,,,,,,,,,,,,,,,,,,,,
38,LACE-038,纯色,2024Q4,未上市,,,,,,,,,,,,0,,1.0,,,,,,,,,,,,,,,,,,,,,
38,LACE-038,纯色,2025Q1,在售,43.0,989.0,1.0,1.0,0.0,85.0,0.0428,0.0726,0.0,,,0,,1.0,2020.0,2018.0,41.0,0.0,0.02,0.3,0.2,0.1,0.2,0.1,0.4,0.2,0.2,0.1,0.0,19.0,17.0,19.0,9.0,5.0,9.0
38,LACE-038,纯色,2025Q2,在售,46.0,1058.0,1.0,1.0,0.0,124.0,0.0421,0.1233,0.0,0.0698,,0,,1.0,2018.0,2010.0,38.0,0.0,0.02,0.2,0.3,0.1,0.1,0.1,0.4,0.2,0.1,0.1,0.0,46.0,20.0,33.0,15.0,9.0,8.0
38,LACE-038,纯色,2025Q3,在售,202.0,4646.0,3.0,1.0,2.0,480.0,0.0775,0.1773,0.6667,3.3913,,0,,1.0,2010.0,2030.0,222.0,1.0,0.1,0.9,0.7,0.4,0.3,0.3,1.6,1.0,0.6,0.2,0.1,178.0,127.0,142.0,45.0,16.0,35.0
38,LACE-038,纯色,2025Q4,在售,166.0,3818.0,2.0,1.0,1.0,368.0,0.0901,0.204,0.5,-0.1782,,1,双十一,1.2,2030.0,2022.0,158.0,0.0,0.08,0.6,0.6,0.3,0.3,0.1,0.9,0.7,0.2,0.1,0.1,77.0,108.0,85.0,29.0,10.0,25.0
38,LACE-038,纯色,2026Q1,在售,164.0,3772.0,2.0,1.0,1.0,249.0,0.0939,0.2439,0.5,-0.012,2.814,0,,1.0,2022.0,2028.0,170.0,0.0,0.08,0.5,0.5,0.3,0.2,0.2,0.9,0.6,0.2,0.1,0.1,73.0,74.0,66.0,15.0,11.0,30.0
38,LACE-038,纯色,2026Q2,在售,314.0,7222.0,9.0,2.0,7.0,683.0,0.1214,0.2595,0.7778,0.9146,5.8261,0,,1.0,2028.0,2030.0,316.0,0.0,0.15,2.8,1.9,1.3,0.9,1.2,4.5,2.0,1.6,0.3,0.3,155.0,131.0,139.0,78.0,24.0,80.0
39,LACE-039,巴洛克纹,2024Q3,未上市,,,,,,,,,,,,0,,1.0,,,,,,,,,,,,,,,,,,,,,
39,LACE-039,巴洛克纹,2024Q4,未上市,,,,,,,,,,,,0,,1.0,,,,,,,,,,,,,,,,,,,,,
39,LACE-039,巴洛克纹,2025Q1,未上市,,,,,,,,,,,,0,,1.0,,,,,,,,,,,,,,,,,,,,,
39,LACE-039,巴洛克纹,2025Q2,未上市,,,,,,,,,,,,0,,1.0,,,,,,,,,,,,,,,,,,,,,
39,LACE-039,巴洛克纹,2025Q3,未上市,,,,,,,,,,,,0,,1.0,,,,,,,,,,,,,,,,,,,,,
39,LACE-039,巴洛克纹,2025Q4,在售,100.0,5400.0,2.0,1.0,1.0,389.0,0.0428,0.0799,0.5,,,0,,1.0,2890.0,2875.0,85.0,0.0,0.03,0.6,0.4,0.4,0.3,0.2,0.7,0.5,0.3,0.1,0.1,90.0,75.0,80.0,44.0,19.0,35.0
39,LACE-039,巴洛克纹,2026Q1,在售,75.0,4050.0,2.0,1.0,1.0,233.0,0.0512,0.1241,0.5,-0.25,,0,,1.0,2875.0,2894.0,94.0,0.0,0.03,0.6,0.6,0.2,0.3,0.2,0.8,0.6,0.3,0.1,0.1,49.0,59.0,63.0,32.0,6.0,25.0
39,LACE-039,巴洛克纹,2026Q2,在售,435.0,23490.0,8.0,2.0,6.0,1417.0,0.0667,0.1938,0.75,4.8,,0,,1.0,2894.0,2899.0,440.0,0.0,0.15,2.7,2.1,1.1,0.9,0.9,4.1,2.6,1.0,0.4,0.3,480.0,372.0,330.0,142.0,49.0,129.0
40,LACE-040,几何纹,2024Q3,未上市,,,,,,,,,,,,0,,1.0,,,,,,,,,,,,,,,,,,,,,
40,LACE-040,几何纹,2024Q4,未上市,,,,,,,,,,,,0,,1.0,,,,,,,,,,,,,,,,,,,,,
40,LACE-040,几何纹,2025Q1,未上市,,,,,,,,,,,,0,,1.0,,,,,,,,,,,,,,,,,,,,,
40,LACE-040,几何纹,2025Q2,在售,128.0,2944.0,2.0,1.0,1.0,339.0,0.0383,0.0854,0.5,,,0,,1.0,3568.0,3557.0,117.0,0.0,0.04,0.6,0.5,0.3,0.2,0.3,1.0,0.5,0.3,0.1,0.0,71.0,61.0,101.0,50.0,8.0,24.0
40,LACE-040,几何纹,2025Q3,在售,117.0,2691.0,2.0,1.0,1.0,316.0,0.0601,0.1296,0.5,-0.0859,,0,,1.0,3557.0,3516.0,76.0,0.0,0.03,0.6,0.6,0.3,0.2,0.2,1.0,0.6,0.4,0.1,0.0,118.0,62.0,67.0,33.0,11.0,37.0
40,LACE-040,几何纹,2025Q4,在售,314.0,7222.0,6.0,1.0,5.0,659.0,0.0711,0.1533,0.8333,1.6838,,1,双十一,1.2,3516.0,3566.0,364.0,0.0,0.09,1.9,1.8,1.1,0.8,0.8,2.5,1.5,0.6,0.4,0.2,244.0,167.0,177.0,42.0,29.0,39.0
40,LACE-040,几何纹,2026Q1,在售,262.0,6026.0,8.0,1.0,7.0,664.0,0.083,0.2096,0.875,-0.1656,,0,,1.0,3566.0,3595.0,291.0,0.0,0.07,2.8,2.0,1.4,0.8,0.8,4.3,1.6,1.4,0.5,0.2,253.0,137.0,182.0,90.0,30.0,80.0
40,LACE-040,几何纹,2026Q2,在售,659.0,15157.0,13.0,3.0,10.0,873.0,0.0911,0.2338,0.7692,1.5153,4.1484,0,,1.0,3595.0,3348.0,412.0,1.0,0.19,4.7,4.2,2.2,1.7,1.1,5.7,3.9,2.6,0.9,0.5,212.0,172.0,175.0,126.0,27.0,107.0
41,LACE-041,巴洛克纹,2024Q3,未上市,,,,,,,,,,,,0,,1.0,,,,,,,,,,,,,,,,,,,,,
41,LACE-041,巴洛克纹,2024Q4,未上市,,,,,,,,,,,,0,,1.0,,,,,,,,,,,,,,,,,,,,,
41,LACE-041,巴洛克纹,2025Q1,未上市,,,,,,,,,,,,0,,1.0,,,,,,,,,,,,,,,,,,,,,
41,LACE-041,巴洛克纹,2025Q2,未上市,,,,,,,,,,,,0,,1.0,,,,,,,,,,,,,,,,,,,,,
41,LACE-041,巴洛克纹,2025Q3,未上市,,,,,,,,,,,,0,,1.0,,,,,,,,,,,,,,,,,,,,,
41,LACE-041,巴洛克纹,2025Q4,未上市,,,,,,,,,,,,0,,1.0,,,,,,,,,,,,,,,,,,,,,
41,LACE-041,巴洛克纹,2026Q1,在售,170.0,4250.0,3.0,1.0,2.0,287.0,0.0361,0.073,0.6667,,,0,,1.0,3651.0,3622.0,141.0,0.0,0.05,1.0,0.8,0.5,0.3,0.4,1.6,1.0,0.5,0.1,0.0,78.0,56.0,69.0,36.0,13.0,16.0
41,LACE-041,巴洛克纹,2026Q2,在售,100.0,2500.0,1.0,1.0,0.0,149.0,0.0428,0.1357,0.0,-0.4118,,0,,1.0,3622.0,3653.0,131.0,0.0,0.03,0.3,0.3,0.1,0.2,0.1,0.5,0.3,0.1,0.0,0.0,36.0,43.0,28.0,22.0,8.0,12.0
42,LACE-042,几何纹,2024Q3,未上市,,,,,,,,,,,,0,,1.0,,,,,,,,,,,,,,,,,,,,,
42,LACE-042,几何纹,2024Q4,未上市,,,,,,,,,,,,0,,1.0,,,,,,,,,,,,,,,,,,,,,
42,LACE-042,几何纹,2025Q1,未上市,,,,,,,,,,,,0,,1.0,,,,,,,,,,,,,,,,,,,,,
42,LACE-042,几何纹,2025Q2,未上市,,,,,,,,,,,,0,,1.0,,,,,,,,,,,,,,,,,,,,,
42,LACE-042,几何纹,2025Q3,在售,109.0,2398.0,1.0,1.0,0.0,163.0,0.0372,0.0663,0.0,,,0,,1.0,4699.0,4658.0,68.0,0.0,0.02,0.2,0.3,0.1,0.2,0.1,0.5,0.3,0.2,0.0,0.0,36.0,39.0,28.0,12.0,13.0,13.0
42,LACE-042,几何纹,2025Q4,在售,133.0,2926.0,4.0,1.0,3.0,281.0,0.0656,0.1594,0.75,0.2202,,1,双十一,1.2,4658.0,4630.0,105.0,0.0,0.03,1.2,1.1,0.5,0.3,0.3,1.9,1.2,0.6,0.1,0.1,89.0,78.0,44.0,19.0,9.0,26.0
42,LACE-042,几何纹,2026Q1,在售,164.0,3608.0,3.0,1.0,2.0,206.0,0.0785,0.1747,0.6667,0.2331,,0,,1.0,4630.0,4576.0,110.0,0.0,0.04,0.9,0.7,0.4,0.4,0.4,1.6,0.9,0.5,0.2,0.0,65.0,47.0,41.0,20.0,9.0,24.0
42,LACE-042,几何纹,2026Q2,在售,237.0,5214.0,3.0,1.0,2.0,452.0,0.0816,0.2194,0.6667,0.4451,,0,,1.0,4576.0,4619.0,280.0,0.0,0.05,0.8,1.0,0.4,0.4,0.3,1.5,0.9,0.6,0.2,0.1,165.0,132.0,86.0,68.0,30.0,40.0
43,LACE-043,巴洛克纹,2024Q3,未上市,,,,,,,,,,,,0,,1.0,,,,,,,,,,,,,,,,,,,,,
43,LACE-043,巴洛克纹,2024Q4,未上市,,,,,,,,,,,,0,,1.0,,,,,,,,,,,,,,,,,,,,,
43,LACE-043,巴洛克纹,2025Q1,未上市,,,,,,,,,,,,0,,1.0,,,,,,,,,,,,,,,,,,,,,
43,LACE-043,巴洛克纹,2025Q2,在售,92.0,2852.0,1.0,1.0,0.0,319.0,0.0496,0.1117,0.0,,,0,,1.0,3725.0,3735.0,102.0,0.0,0.02,0.2,0.3,0.2,0.1,0.1,0.5,0.3,0.1,0.0,0.0,90.0,54.0,90.0,18.0,19.0,34.0
43,LACE-043,巴洛克纹,2025Q3,在售,161.0,4991.0,2.0,1.0,1.0,350.0,0.0586,0.148,0.5,0.75,,0,,1.0,3735.0,3694.0,120.0,0.0,0.04,0.6,0.5,0.3,0.2,0.2,1.0,0.5,0.3,0.1,0.1,83.0,91.0,73.0,30.0,26.0,44.0
43,LACE-043,巴洛克纹,2025Q4,在售,412.0,12772.0,5.0,1.0,4.0,1474.0,0.0634,0.1813,0.8,1.559,,0,,1.0,3694.0,3739.0,457.0,0.0,0.11,1.4,1.1,0.9,0.6,0.6,2.6,1.3,0.9,0.1,0.1,329.0,346.0,379.0,150.0,39.0,121.0
43,LACE-043,巴洛克纹,2026Q1,在售,283.0,8773.0,3.0,1.0,2.0,866.0,0.0732,0.2219,0.6667,-0.3131,,0,,1.0,3739.0,3706.0,250.0,0.0,0.08,0.9,0.8,0.5,0.3,0.3,1.1,0.7,0.4,0.1,0.1,232.0,201.0,141.0,58.0,41.0,104.0
43,LACE-043,巴洛克纹,2026Q2,在售,653.0,20243.0,11.0,3.0,8.0,2089.0,0.1116,0.2355,0.7273,1.3074,6.0978,0,,1.0,3706.0,3832.0,779.0,1.0,0.17,3.3,2.9,1.7,1.7,1.4,5.8,2.9,2.1,0.5,0.2,770.0,346.0,572.0,198.0,136.0,282.0
44,LACE-044,巴洛克纹,2024Q3,未上市,,,,,,,,,,,,0,,1.0,,,,,,,,,,,,,,,,,,,,,
44,LACE-044,巴洛克纹,2024Q4,未上市,,,,,,,,,,,,0,,1.0,,,,,,,,,,,,,,,,,,,,,
44,LACE-044,巴洛克纹,2025Q1,在售,102.0,4488.0,1.0,1.0,0.0,230.0,0.0389,0.0932,0.0,,,0,,1.0,4348.0,4371.0,125.0,0.0,0.02,0.2,0.2,0.1,0.1,0.1,0.5,0.3,0.2,0.0,0.0,53.0,45.0,40.0,17.0,11.0,18.0
44,LACE-044,巴洛克纹,2025Q2,在售,238.0,10472.0,4.0,1.0,3.0,638.0,0.0568,0.1071,0.75,1.3333,,0,,1.0,4371.0,4419.0,286.0,0.0,0.05,1.1,1.0,0.4,0.5,0.5,2.1,0.8,0.6,0.3,0.1,209.0,112.0,120.0,91.0,19.0,69.0
44,LACE-044,巴洛克纹,2025Q3,在售,223.0,9812.0,3.0,1.0,2.0,778.0,0.0847,0.1526,0.6667,-0.063,,0,,1.0,4419.0,4406.0,210.0,0.0,0.05,0.8,0.9,0.5,0.4,0.4,1.3,1.0,0.5,0.2,0.0,224.0,170.0,160.0,40.0,28.0,95.0
44,LACE-044,巴洛克纹,2025Q4,在售,304.0,13376.0,6.0,1.0,5.0,774.0,0.0944,0.1976,0.8333,0.3632,,0,,1.0,4406.0,4470.0,368.0,0.0,0.07,1.6,1.5,0.9,0.6,0.8,2.4,1.2,0.8,0.2,0.3,255.0,148.0,169.0,59.0,56.0,63.0
44,LACE-044,巴洛克纹,2026Q1,在售,426.0,18744.0,8.0,2.0,6.0,1568.0,0.1015,0.2502,0.75,0.4013,3.1765,0,,1.0,4470.0,4375.0,331.0,0.0,0.1,2.8,2.1,1.1,0.7,0.9,4.3,2.4,1.0,0.2,0.3,463.0,293.0,339.0,157.0,93.0,99.0
44,LACE-044,巴洛克纹,2026Q2,在售,580.0,25520.0,16.0,4.0,12.0,1975.0,0.1019,0.2774,0.75,0.3615,1.437,0,,1.0,4375.0,4444.0,649.0,1.0,0.13,5.0,5.0,2.1,2.0,2.1,6.7,4.8,2.1,1.0,0.5,443.0,334.0,386.0,199.0,140.0,197.0
45,LACE-045,几何纹,2024Q3,未上市,,,,,,,,,,,,0,,1.0,,,,,,,,,,,,,,,,,,,,,
45,LACE-045,几何纹,2024Q4,未上市,,,,,,,,,,,,0,,1.0,,,,,,,,,,,,,,,,,,,,,
45,LACE-045,几何纹,2025Q1,未上市,,,,,,,,,,,,0,,1.0,,,,,,,,,,,,,,,,,,,,,
45,LACE-045,几何纹,2025Q2,未上市,,,,,,,,,,,,0,,1.0,,,,,,,,,,,,,,,,,,,,,
45,LACE-045,几何纹,2025Q3,未上市,,,,,,,,,,,,0,,1.0,,,,,,,,,,,,,,,,,,,,,
45,LACE-045,几何纹,2025Q4,未上市,,,,,,,,,,,,0,,1.0,,,,,,,,,,,,,,,,,,,,,
45,LACE-045,几何纹,2026Q1,未上市,,,,,,,,,,,,0,,1.0,,,,,,,,,,,,,,,,,,,,,
45,LACE-045,几何纹,2026Q2,在售,86.0,1634.0,2.0,1.0,1.0,130.0,0.0531,0.1087,0.5,,,0,,1.0,3141.0,3125.0,70.0,0.0,0.03,0.7,0.6,0.3,0.3,0.2,0.9,0.5,0.3,0.1,0.0,48.0,22.0,23.0,14.0,9.0,13.0
46,LACE-046,巴洛克纹,2024Q3,未上市,,,,,,,,,,,,0,,1.0,,,,,,,,,,,,,,,,,,,,,
46,LACE-046,巴洛克纹,2024Q4,未上市,,,,,,,,,,,,0,,1.0,,,,,,,,,,,,,,,,,,,,,
46,LACE-046,巴洛克纹,2025Q1,未上市,,,,,,,,,,,,0,,1.0,,,,,,,,,,,,,,,,,,,,,
46,LACE-046,巴洛克纹,2025Q2,未上市,,,,,,,,,,,,0,,1.0,,,,,,,,,,,,,,,,,,,,,
46,LACE-046,巴洛克纹,2025Q3,未上市,,,,,,,,,,,,0,,1.0,,,,,,,,,,,,,,,,,,,,,
46,LACE-046,巴洛克纹,2025Q4,在售,362.0,17014.0,4.0,1.0,3.0,1117.0,0.0403,0.0767,0.75,,,0,,1.0,2645.0,2596.0,313.0,0.0,0.14,1.0,0.9,0.5,0.5,0.3,2.1,1.1,0.6,0.3,0.1,430.0,250.0,224.0,99.0,60.0,71.0
46,LACE-046,巴洛克纹,2026Q1,在售,130.0,6110.0,1.0,1.0,0.0,545.0,0.0688,0.1092,0.0,-0.6409,,0,,1.0,2596.0,2546.0,80.0,0.0,0.05,0.3,0.2,0.1,0.2,0.1,0.5,0.2,0.1,0.1,0.0,196.0,140.0,129.0,41.0,20.0,45.0
46,LACE-046,巴洛克纹,2026Q2,在售,345.0,16215.0,10.0,2.0,8.0,1453.0,0.0577,0.1776,0.8,1.6538,,0,,1.0,2546.0,2430.0,229.0,0.0,0.14,2.8,2.2,1.3,0.8,0.8,4.0,2.9,1.8,0.3,0.1,493.0,291.0,407.0,215.0,101.0,82.0
47,LACE-047,巴洛克纹,2024Q3,未上市,,,,,,,,,,,,0,,1.0,,,,,,,,,,,,,,,,,,,,,
47,LACE-047,巴洛克纹,2024Q4,未上市,,,,,,,,,,,,0,,1.0,,,,,,,,,,,,,,,,,,,,,
47,LACE-047,巴洛克纹,2025Q1,未上市,,,,,,,,,,,,0,,1.0,,,,,,,,,,,,,,,,,,,,,
47,LACE-047,巴洛克纹,2025Q2,未上市,,,,,,,,,,,,0,,1.0,,,,,,,,,,,,,,,,,,,,,
47,LACE-047,巴洛克纹,2025Q3,未上市,,,,,,,,,,,,0,,1.0,,,,,,,,,,,,,,,,,,,,,
47,LACE-047,巴洛克纹,2025Q4,未上市,,,,,,,,,,,,0,,1.0,,,,,,,,,,,,,,,,,,,,,
47,LACE-047,巴洛克纹,2026Q1,未上市,,,,,,,,,,,,0,,1.0,,,,,,,,,,,,,,,,,,,,,
47,LACE-047,巴洛克纹,2026Q2,在售,138.0,4002.0,1.0,1.0,0.0,279.0,0.0476,0.0972,0.0,,,0,,1.0,2028.0,2082.0,192.0,0.0,0.07,0.2,0.3,0.1,0.1,0.1,0.4,0.3,0.1,0.1,0.0,78.0,81.0,81.0,35.0,12.0,28.0
48,LACE-048,巴洛克纹,2024Q3,未上市,,,,,,,,,,,,0,,1.0,,,,,,,,,,,,,,,,,,,,,
48,LACE-048,巴洛克纹,2024Q4,未上市,,,,,,,,,,,,0,,1.0,,,,,,,,,,,,,,,,,,,,,
48,LACE-048,巴洛克纹,2025Q1,未上市,,,,,,,,,,,,0,,1.0,,,,,,,,,,,,,,,,,,,,,
48,LACE-048,巴洛克纹,2025Q2,未上市,,,,,,,,,,,,0,,1.0,,,,,,,,,,,,,,,,,,,,,
48,LACE-048,巴洛克纹,2025Q3,在售,70.0,2660.0,1.0,1.0,0.0,152.0,0.0275,0.1214,0.0,,,0,,1.0,2491.0,2472.0,51.0,0.0,0.03,0.3,0.2,0.2,0.1,0.1,0.4,0.3,0.1,0.0,0.0,50.0,31.0,28.0,22.0,6.0,23.0
48,LACE-048,巴洛克纹,2025Q4,在售,153.0,5814.0,2.0,1.0,1.0,482.0,0.0568,0.104,0.5,1.1857,,0,,1.0,2472.0,2489.0,170.0,0.0,0.06,0.6,0.6,0.2,0.2,0.2,0.9,0.6,0.4,0.1,0.0,164.0,111.0,113.0,67.0,25.0,61.0
48,LACE-048,巴洛克纹,2026Q1,在售,211.0,8018.0,2.0,1.0,1.0,649.0,0.0839,0.1599,0.5,0.3791,,0,,1.0,2489.0,2516.0,238.0,0.0,0.08,0.7,0.5,0.3,0.2,0.2,0.9,0.6,0.2,0.1,0.0,242.0,138.0,169.0,47.0,52.0,63.0
48,LACE-048,巴洛克纹,2026Q2,在售,637.0,24206.0,8.0,1.0,7.0,2369.0,0.0969,0.2275,0.875,2.019,,0,,1.0,2516.0,2363.0,484.0,1.0,0.26,2.5,2.1,1.1,1.0,0.6,3.3,1.7,1.5,0.2,0.1,869.0,547.0,509.0,155.0,99.0,212.0
49,LACE-049,蕾丝镂空,2024Q3,未上市,,,,,,,,,,,,0,,1.0,,,,,,,,,,,,,,,,,,,,,
49,LACE-049,蕾丝镂空,2024Q4,未上市,,,,,,,,,,,,0,,1.0,,,,,,,,,,,,,,,,,,,,,
49,LACE-049,蕾丝镂空,2025Q1,在售,89.0,3649.0,1.0,1.0,0.0,436.0,0.0256,0.1111,0.0,,,0,,1.0,4589.0,4565.0,65.0,0.0,0.02,0.3,0.2,0.2,0.1,0.1,0.5,0.2,0.2,0.0,0.0,148.0,117.0,82.0,23.0,29.0,44.0
49,LACE-049,蕾丝镂空,2025Q2,在售,144.0,5904.0,3.0,1.0,2.0,452.0,0.0401,0.1339,0.6667,0.618,,0,,1.0,4565.0,4509.0,88.0,0.0,0.03,1.0,0.7,0.4,0.2,0.3,1.6,1.0,0.4,0.2,0.1,92.0,75.0,102.0,54.0,19.0,65.0
49,LACE-049,蕾丝镂空,2025Q3,在售,336.0,13776.0,4.0,1.0,3.0,1211.0,0.0698,0.1588,0.75,1.3333,,0,,1.0,4509.0,4450.0,277.0,0.0,0.08,1.4,1.3,0.5,0.5,0.5,1.8,1.1,0.6,0.2,0.2,275.0,250.0,279.0,181.0,49.0,73.0
49,LACE-049,蕾丝镂空,2025Q4,在售,608.0,24928.0,7.0,1.0,6.0,1690.0,0.0798,0.1896,0.8571,0.8095,,0,,1.0,4450.0,4326.0,484.0,0.0,0.14,1.8,1.9,0.8,0.9,1.0,3.6,1.5,0.8,0.5,0.2,535.0,307.0,357.0,246.0,106.0,173.0
49,LACE-049,蕾丝镂空,2026Q1,在售,464.0,19024.0,11.0,2.0,9.0,1948.0,0.0897,0.2196,0.8182,-0.2368,4.2135,0,,1.0,4326.0,4304.0,442.0,0.0,0.11,3.4,2.2,1.7,0.8,0.8,4.6,3.0,1.5,0.5,0.4,474.0,325.0,326.0,235.0,42.0,234.0
49,LACE-049,蕾丝镂空,2026Q2,已下架,547.0,22427.0,8.0,1.0,7.0,1406.0,0.1057,0.2941,0.875,0.1789,2.7986,0,,1.0,4304.0,4484.0,727.0,1.0,0.12,2.9,2.3,1.0,1.1,0.8,3.0,1.8,1.2,0.3,0.2,486.0,290.0,293.0,136.0,47.0,148.0
50,LACE-050,巴洛克纹,2024Q3,未上市,,,,,,,,,,,,0,,1.0,,,,,,,,,,,,,,,,,,,,,
50,LACE-050,巴洛克纹,2024Q4,未上市,,,,,,,,,,,,0,,1.0,,,,,,,,,,,,,,,,,,,,,
50,LACE-050,巴洛克纹,2025Q1,未上市,,,,,,,,,,,,0,,1.0,,,,,,,,,,,,,,,,,,,,,
50,LACE-050,巴洛克纹,2025Q2,在售,203.0,11165.0,2.0,1.0,1.0,706.0,0.0454,0.085,0.5,,,0,,1.0,2616.0,2623.0,210.0,0.0,0.08,0.7,0.4,0.3,0.3,0.2,1.1,0.6,0.3,0.1,0.0,187.0,145.0,186.0,44.0,46.0,60.0
50,LACE-050,巴洛克纹,2025Q3,在售,138.0,7590.0,1.0,1.0,0.0,384.0,0.0557,0.1131,0.0,-0.3202,,0,,1.0,2623.0,2581.0,96.0,0.0,0.05,0.2,0.3,0.1,0.2,0.1,0.4,0.3,0.1,0.1,0.0,102.0,61.0,63.0,49.0,27.0,54.0
50,LACE-050,巴洛克纹,2025Q4,在售,546.0,30030.0,14.0,2.0,12.0,2119.0,0.0687,0.146,0.8571,2.9565,,0,,1.0,2581.0,2654.0,619.0,2.0,0.21,3.8,3.5,1.6,1.4,2.0,5.4,2.9,2.5,0.6,0.5,603.0,376.0,366.0,249.0,82.0,293.0
50,LACE-050,巴洛克纹,2026Q1,在售,257.0,14135.0,4.0,1.0,3.0,953.0,0.0987,0.2333,0.75,-0.5293,,0,,1.0,2654.0,2718.0,321.0,0.0,0.1,1.1,1.1,0.5,0.5,0.3,1.7,1.3,0.6,0.2,0.1,311.0,265.0,201.0,129.0,24.0,81.0
50,LACE-050,巴洛克纹,2026Q2,在售,777.0,42735.0,12.0,1.0,11.0,2983.0,0.1056,0.2246,0.9167,2.0233,2.8276,0,,1.0,2718.0,2955.0,1014.0,1.0,0.27,3.2,3.6,1.9,1.2,1.2,4.5,4.1,1.6,0.7,0.2,893.0,593.0,805.0,345.0,214.0,282.0
51,LACE-051,几何纹,2024Q3,未上市,,,,,,,,,,,,0,,1.0,,,,,,,,,,,,,,,,,,,,,
51,LACE-051,几何纹,2024Q4,未上市,,,,,,,,,,,,0,,1.0,,,,,,,,,,,,,,,,,,,,,
51,LACE-051,几何纹,2025Q1,未上市,,,,,,,,,,,,0,,1.0,,,,,,,,,,,,,,,,,,,,,
51,LACE-051,几何纹,2025Q2,未上市,,,,,,,,,,,,0,,1.0,,,,,,,,,,,,,,,,,,,,,
51,LACE-051,几何纹,2025Q3,未上市,,,,,,,,,,,,0,,1.0,,,,,,,,,,,,,,,,,,,,,
51,LACE-051,几何纹,2025Q4,未上市,,,,,,,,,,,,0,,1.0,,,,,,,,,,,,,,,,,,,,,
51,LACE-051,几何纹,2026Q1,未上市,,,,,,,,,,,,0,,1.0,,,,,,,,,,,,,,,,,,,,,
51,LACE-051,几何纹,2026Q2,已下架,141.0,3102.0,3.0,1.0,2.0,330.0,0.052,0.0853,0.6667,,,0,,1.0,4876.0,4845.0,110.0,0.0,0.03,0.8,0.9,0.4,0.2,0.3,1.1,0.6,0.4,0.1,0.0,112.0,87.0,98.0,47.0,16.0,23.0
52,LACE-052,纯色,2024Q3,未上市,,,,,,,,,,,,0,,1.0,,,,,,,,,,,,,,,,,,,,,
52,LACE-052,纯色,2024Q4,未上市,,,,,,,,,,,,0,,1.0,,,,,,,,,,,,,,,,,,,,,
52,LACE-052,纯色,2025Q1,未上市,,,,,,,,,,,,0,,1.0,,,,,,,,,,,,,,,,,,,,,
52,LACE-052,纯色,2025Q2,未上市,,,,,,,,,,,,0,,1.0,,,,,,,,,,,,,,,,,,,,,
52,LACE-052,纯色,2025Q3,未上市,,,,,,,,,,,,0,,1.0,,,,,,,,,,,,,,,,,,,,,
52,LACE-052,纯色,2025Q4,在售,74.0,1776.0,2.0,1.0,1.0,164.0,0.0491,0.0699,0.5,,,0,,1.0,4471.0,4456.0,59.0,0.0,0.02,0.6,0.6,0.2,0.2,0.2,1.1,0.5,0.4,0.1,0.0,53.0,30.0,25.0,10.0,9.0,17.0
52,LACE-052,纯色,2026Q1,在售,21.0,504.0,1.0,1.0,0.0,47.0,0.0624,0.1078,0.0,-0.7162,,0,,1.0,4456.0,4456.0,21.0,0.0,0.0,0.3,0.2,0.2,0.1,0.1,0.5,0.3,0.1,0.1,0.0,12.0,13.0,7.0,5.0,3.0,5.0
52,LACE-052,纯色,2026Q2,在售,231.0,5544.0,6.0,1.0,5.0,360.0,0.0627,0.1895,0.8333,10.0,,0,,1.0,4456.0,4433.0,208.0,0.0,0.05,1.6,1.9,0.7,0.9,0.3,2.5,1.4,1.1,0.5,0.1,125.0,71.0,108.0,20.0,23.0,35.0
53,LACE-053,巴洛克纹,2024Q3,未上市,,,,,,,,,,,,0,,1.0,,,,,,,,,,,,,,,,,,,,,
53,LACE-053,巴洛克纹,2024Q4,在售,149.0,5662.0,1.0,1.0,0.0,422.0,0.0361,0.0746,0.0,,,0,,1.0,2542.0,2534.0,141.0,0.0,0.06,0.3,0.2,0.1,0.1,0.1,0.4,0.3,0.1,0.1,0.0,95.0,126.0,106.0,62.0,15.0,27.0
53,LACE-053,巴洛克纹,2025Q1,在售,51.0,1938.0,1.0,1.0,0.0,160.0,0.0669,0.1447,0.0,-0.6577,,0,,1.0,2534.0,2513.0,30.0,0.0,0.02,0.3,0.3,0.1,0.1,0.1,0.4,0.3,0.2,0.1,0.0,48.0,44.0,39.0,19.0,3.0,14.0
53,LACE-053,巴洛克纹,2025Q2,在售,304.0,11552.0,6.0,1.0,5.0,690.0,0.0639,0.1661,0.8333,4.9608,,0,,1.0,2513.0,2630.0,421.0,1.0,0.12,1.7,1.7,0.7,0.6,0.8,2.6,2.0,0.8,0.4,0.2,203.0,124.0,164.0,101.0,34.0,87.0
53,LACE-053,巴洛克纹,2025Q3,在售,359.0,13642.0,4.0,1.0,3.0,1585.0,0.0712,0.2129,0.75,0.1809,,0,,1.0,2630.0,2588.0,317.0,0.0,0.14,1.2,1.0,0.4,0.3,0.5,1.9,1.3,0.7,0.1,0.1,539.0,445.0,467.0,149.0,103.0,163.0
53,LACE-053,巴洛克纹,2025Q4,在售,516.0,19608.0,11.0,3.0,8.0,1764.0,0.0869,0.2114,0.7273,0.4373,2.4631,0,,1.0,2588.0,2579.0,507.0,0.0,0.2,4.1,2.4,1.4,1.0,1.2,4.3,2.9,1.2,0.3,0.3,691.0,308.0,514.0,127.0,134.0,238.0
53,LACE-053,巴洛克纹,2026Q1,在售,342.0,12996.0,4.0,1.0,3.0,1457.0,0.1084,0.254,0.75,-0.3372,5.7059,0,,1.0,2579.0,2566.0,329.0,0.0,0.13,1.4,1.1,0.5,0.6,0.3,2.2,1.4,0.6,0.3,0.0,376.0,371.0,235.0,100.0,34.0,88.0
53,LACE-053,巴洛克纹,2026Q2,在售,764.0,29032.0,21.0,4.0,17.0,2621.0,0.1272,0.3116,0.8095,1.2339,1.5132,0,,1.0,2566.0,2868.0,1066.0,2.0,0.28,6.2,6.1,3.9,2.7,2.8,11.1,6.5,4.1,1.3,0.9,555.0,727.0,514.0,289.0,150.0,237.0
54,LACE-054,几何纹,2024Q3,未上市,,,,,,,,,,,,0,,1.0,,,,,,,,,,,,,,,,,,,,,
54,LACE-054,几何纹,2024Q4,未上市,,,,,,,,,,,,0,,1.0,,,,,,,,,,,,,,,,,,,,,
54,LACE-054,几何纹,2025Q1,在售,78.0,2028.0,2.0,1.0,1.0,103.0,0.039,0.08,0.5,,,0,,1.0,4559.0,4579.0,98.0,0.0,0.02,0.5,0.6,0.3,0.3,0.2,0.8,0.6,0.2,0.1,0.1,22.0,20.0,30.0,11.0,5.0,11.0
54,LACE-054,几何纹,2025Q2,在售,148.0,3848.0,2.0,1.0,1.0,353.0,0.0544,0.114,0.5,0.8974,,0,,1.0,4579.0,4600.0,169.0,0.0,0.03,0.7,0.6,0.3,0.2,0.2,0.9,0.5,0.2,0.1,0.1,131.0,101.0,62.0,48.0,16.0,22.0
54,LACE-054,几何纹,2025Q3,在售,218.0,5668.0,3.0,1.0,2.0,301.0,0.0765,0.1903,0.6667,0.473,,0,,1.0,4600.0,4676.0,294.0,0.0,0.05,0.8,0.7,0.6,0.3,0.3,1.6,1.0,0.4,0.1,0.1,92.0,81.0,86.0,17.0,11.0,45.0
54,LACE-054,几何纹,2025Q4,在售,431.0,11206.0,11.0,2.0,9.0,1237.0,0.0789,0.1852,0.8182,0.9771,,0,,1.0,4676.0,4581.0,336.0,0.0,0.09,3.4,3.6,1.4,1.3,1.4,4.4,3.6,1.2,0.8,0.4,428.0,249.0,196.0,74.0,53.0,129.0
54,LACE-054,几何纹,2026Q1,在售,365.0,9490.0,5.0,1.0,4.0,1124.0,0.0922,0.2651,0.8,-0.1531,3.6795,0,,1.0,4581.0,4469.0,253.0,0.0,0.08,1.7,1.2,0.7,0.5,0.5,2.7,1.1,0.6,0.2,0.1,413.0,267.0,240.0,154.0,31.0,121.0
54,LACE-054,几何纹,2026Q2,已下架,574.0,14924.0,15.0,4.0,11.0,1728.0,0.1246,0.2762,0.7333,0.5726,2.8784,0,,1.0,4469.0,4670.0,775.0,0.0,0.13,4.0,3.5,1.8,2.2,2.0,6.2,4.6,1.9,1.1,0.2,666.0,350.0,316.0,182.0,95.0,220.0
55,LACE-055,巴洛克纹,2024Q3,未上市,,,,,,,,,,,,0,,1.0,,,,,,,,,,,,,,,,,,,,,
55,LACE-055,巴洛克纹,2024Q4,未上市,,,,,,,,,,,,0,,1.0,,,,,,,,,,,,,,,,,,,,,
55,LACE-055,巴洛克纹,2025Q1,未上市,,,,,,,,,,,,0,,1.0,,,,,,,,,,,,,,,,,,,,,
55,LACE-055,巴洛克纹,2025Q2,未上市,,,,,,,,,,,,0,,1.0,,,,,,,,,,,,,,,,,,,,,
55,LACE-055,巴洛克纹,2025Q3,在售,72.0,3096.0,1.0,1.0,0.0,225.0,0.0531,0.1179,0.0,,,0,,1.0,3538.0,3565.0,99.0,0.0,0.02,0.3,0.2,0.1,0.2,0.1,0.5,0.3,0.1,0.1,0.0,71.0,66.0,53.0,17.0,6.0,18.0
55,LACE-055,巴洛克纹,2025Q4,在售,228.0,9804.0,5.0,1.0,4.0,841.0,0.042,0.1092,0.8,2.1667,,0,,1.0,3565.0,3576.0,239.0,0.0,0.06,1.5,1.4,0.7,0.6,0.5,2.0,1.4,0.6,0.4,0.2,204.0,164.0,247.0,122.0,24.0,91.0
55,LACE-055,巴洛克纹,2026Q1,在售,239.0,10277.0,3.0,1.0,2.0,669.0,0.0816,0.1909,0.6667,0.0482,,0,,1.0,3576.0,3621.0,284.0,0.0,0.07,1.0,0.7,0.4,0.4,0.3,1.3,0.6,0.5,0.2,0.1,247.0,103.0,162.0,100.0,32.0,37.0
55,LACE-055,巴洛克纹,2026Q2,已下架,429.0,18447.0,5.0,1.0,4.0,1701.0,0.0824,0.2074,0.8,0.795,,0,,1.0,3621.0,3694.0,502.0,1.0,0.12,1.5,1.3,0.5,0.3,0.3,2.7,1.7,0.7,0.2,0.2,518.0,268.0,372.0,245.0,92.0,120.0
56,LACE-056,巴洛克纹,2024Q3,未上市,,,,,,,,,,,,0,,1.0,,,,,,,,,,,,,,,,,,,,,
56,LACE-056,巴洛克纹,2024Q4,未上市,,,,,,,,,,,,0,,1.0,,,,,,,,,,,,,,,,,,,,,
56,LACE-056,巴洛克纹,2025Q1,未上市,,,,,,,,,,,,0,,1.0,,,,,,,,,,,,,,,,,,,,,
56,LACE-056,巴洛克纹,2025Q2,未上市,,,,,,,,,,,,0,,1.0,,,,,,,,,,,,,,,,,,,,,
56,LACE-056,巴洛克纹,2025Q3,未上市,,,,,,,,,,,,0,,1.0,,,,,,,,,,,,,,,,,,,,,
56,LACE-056,巴洛克纹,2025Q4,未上市,,,,,,,,,,,,0,,1.0,,,,,,,,,,,,,,,,,,,,,
56,LACE-056,巴洛克纹,2026Q1,在售,107.0,4387.0,3.0,1.0,2.0,261.0,0.0296,0.0683,0.6667,,,0,,1.0,2859.0,2896.0,144.0,0.0,0.04,0.9,0.9,0.4,0.4,0.2,1.3,0.8,0.3,0.1,0.1,64.0,63.0,51.0,14.0,9.0,20.0
56,LACE-056,巴洛克纹,2026Q2,在售,170.0,6970.0,5.0,1.0,4.0,458.0,0.0422,0.1086,0.8,0.5888,,0,,1.0,2896.0,2847.0,121.0,0.0,0.06,1.6,1.5,0.6,0.5,0.6,2.5,1.4,0.9,0.4,0.2,150.0,105.0,116.0,35.0,23.0,25.0
57,LACE-057,巴洛克纹,2024Q3,未上市,,,,,,,,,,,,0,,1.0,,,,,,,,,,,,,,,,,,,,,
57,LACE-057,巴洛克纹,2024Q4,未上市,,,,,,,,,,,,0,,1.0,,,,,,,,,,,,,,,,,,,,,
57,LACE-057,巴洛克纹,2025Q1,未上市,,,,,,,,,,,,0,,1.0,,,,,,,,,,,,,,,,,,,,,
57,LACE-057,巴洛克纹,2025Q2,未上市,,,,,,,,,,,,0,,1.0,,,,,,,,,,,,,,,,,,,,,
57,LACE-057,巴洛克纹,2025Q3,未上市,,,,,,,,,,,,0,,1.0,,,,,,,,,,,,,,,,,,,,,
57,LACE-057,巴洛克纹,2025Q4,未上市,,,,,,,,,,,,0,,1.0,,,,,,,,,,,,,,,,,,,,,
57,LACE-057,巴洛克纹,2026Q1,未上市,,,,,,,,,,,,0,,1.0,,,,,,,,,,,,,,,,,,,,,
57,LACE-057,巴洛克纹,2026Q2,已下架,179.0,8592.0,5.0,1.0,4.0,953.0,0.0273,0.1096,0.8,,,0,,1.0,2270.0,2310.0,219.0,0.0,0.08,1.5,1.7,0.7,0.7,0.7,2.7,1.4,0.6,0.3,0.2,243.0,195.0,161.0,91.0,50.0,111.0
58,LACE-058,植物花卉纹,2024Q3,未上市,,,,,,,,,,,,0,,1.0,,,,,,,,,,,,,,,,,,,,,
58,LACE-058,植物花卉纹,2024Q4,未上市,,,,,,,,,,,,0,,1.0,,,,,,,,,,,,,,,,,,,,,
58,LACE-058,植物花卉纹,2025Q1,未上市,,,,,,,,,,,,0,,1.0,,,,,,,,,,,,,,,,,,,,,
58,LACE-058,植物花卉纹,2025Q2,未上市,,,,,,,,,,,,0,,1.0,,,,,,,,,,,,,,,,,,,,,
58,LACE-058,植物花卉纹,2025Q3,未上市,,,,,,,,,,,,0,,1.0,,,,,,,,,,,,,,,,,,,,,
58,LACE-058,植物花卉纹,2025Q4,在售,121.0,3509.0,1.0,1.0,0.0,356.0,0.0313,0.1111,0.0,,,0,,1.0,3667.0,3676.0,130.0,0.0,0.03,0.2,0.3,0.1,0.2,0.1,0.5,0.2,0.1,0.0,0.0,95.0,62.0,99.0,38.0,7.0,39.0
58,LACE-058,植物花卉纹,2026Q1,在售,106.0,3074.0,1.0,1.0,0.0,201.0,0.0573,0.1595,0.0,-0.124,,0,,1.0,3676.0,3642.0,72.0,0.0,0.03,0.2,0.3,0.1,0.1,0.1,0.5,0.2,0.2,0.1,0.0,57.0,40.0,36.0,22.0,9.0,25.0
58,LACE-058,植物花卉纹,2026Q2,在售,531.0,15399.0,6.0,1.0,5.0,1098.0,0.0812,0.1823,0.8333,4.0094,,0,,1.0,3642.0,3702.0,591.0,0.0,0.14,2.0,1.6,1.1,0.6,0.4,2.4,1.4,0.6,0.4,0.2,419.0,262.0,272.0,105.0,49.0,149.0
59,LACE-059,纯色,2024Q3,未上市,,,,,,,,,,,,0,,1.0,,,,,,,,,,,,,,,,,,,,,
59,LACE-059,纯色,2024Q4,未上市,,,,,,,,,,,,0,,1.0,,,,,,,,,,,,,,,,,,,,,
59,LACE-059,纯色,2025Q1,在售,19.0,323.0,1.0,1.0,0.0,37.0,0.0344,0.068,0.0,,,0,,1.0,3927.0,3929.0,21.0,0.0,0.0,0.3,0.2,0.2,0.1,0.1,0.5,0.3,0.1,0.0,0.0,13.0,10.0,11.0,5.0,2.0,4.0
59,LACE-059,纯色,2025Q2,在售,71.0,1207.0,1.0,1.0,0.0,68.0,0.0623,0.1479,0.0,2.7368,,0,,1.0,3929.0,3949.0,91.0,0.0,0.02,0.2,0.3,0.2,0.2,0.1,0.4,0.2,0.1,0.0,0.0,14.0,13.0,13.0,9.0,5.0,8.0
59,LACE-059,纯色,2025Q3,在售,94.0,1598.0,1.0,1.0,0.0,99.0,0.072,0.1739,0.0,0.3239,,0,,1.0,3949.0,3975.0,120.0,0.0,0.02,0.3,0.3,0.2,0.1,0.1,0.5,0.3,0.1,0.1,0.0,25.0,25.0,19.0,14.0,6.0,11.0
59,LACE-059,纯色,2025Q4,在售,225.0,3825.0,3.0,1.0,2.0,295.0,0.0749,0.1875,0.6667,1.3936,,0,,1.0,3975.0,3943.0,193.0,0.0,0.06,0.9,0.7,0.4,0.3,0.2,1.5,1.0,0.4,0.1,0.1,116.0,79.0,61.0,18.0,12.0,20.0
59,LACE-059,纯色,2026Q1,在售,177.0,3009.0,2.0,1.0,1.0,196.0,0.113,0.2664,0.5,-0.2133,8.3158,0,,1.0,3943.0,3911.0,145.0,0.0,0.05,0.7,0.5,0.3,0.3,0.3,0.9,0.6,0.3,0.0,0.1,69.0,54.0,46.0,23.0,4.0,28.0
59,LACE-059,纯色,2026Q2,在售,270.0,4590.0,3.0,1.0,2.0,251.0,0.1158,0.2741,0.6667,0.5254,2.8028,0,,1.0,3911.0,3871.0,230.0,0.0,0.07,1.1,0.9,0.5,0.4,0.2,1.5,0.8,0.5,0.2,0.1,69.0,67.0,51.0,25.0,8.0,14.0
60,LACE-060,巴洛克纹,2024Q3,未上市,,,,,,,,,,,,0,,1.0,,,,,,,,,,,,,,,,,,,,,
60,LACE-060,巴洛克纹,2024Q4,未上市,,,,,,,,,,,,0,,1.0,,,,,,,,,,,,,,,,,,,,,
60,LACE-060,巴洛克纹,2025Q1,未上市,,,,,,,,,,,,0,,1.0,,,,,,,,,,,,,,,,,,,,,
60,LACE-060,巴洛克纹,2025Q2,未上市,,,,,,,,,,,,0,,1.0,,,,,,,,,,,,,,,,,,,,,
60,LACE-060,巴洛克纹,2025Q3,未上市,,,,,,,,,,,,0,,1.0,,,,,,,,,,,,,,,,,,,,,
60,LACE-060,巴洛克纹,2025Q4,未上市,,,,,,,,,,,,0,,1.0,,,,,,,,,,,,,,,,,,,,,
60,LACE-060,巴洛克纹,2026Q1,未上市,,,,,,,,,,,,0,,1.0,,,,,,,,,,,,,,,,,,,,,
60,LACE-060,巴洛克纹,2026Q2,在售,142.0,4970.0,2.0,1.0,1.0,525.0,0.027,0.0757,0.5,,,0,,1.0,2830.0,2783.0,95.0,0.0,0.05,0.5,0.5,0.3,0.3,0.2,0.9,0.4,0.4,0.1,0.1,167.0,132.0,132.0,49.0,28.0,66.0
61,LACE-061,几何纹,2024Q3,未上市,,,,,,,,,,,,0,,1.0,,,,,,,,,,,,,,,,,,,,,
61,LACE-061,几何纹,2024Q4,未上市,,,,,,,,,,,,0,,1.0,,,,,,,,,,,,,,,,,,,,,
61,LACE-061,几何纹,2025Q1,未上市,,,,,,,,,,,,0,,1.0,,,,,,,,,,,,,,,,,,,,,
61,LACE-061,几何纹,2025Q2,未上市,,,,,,,,,,,,0,,1.0,,,,,,,,,,,,,,,,,,,,,
61,LACE-061,几何纹,2025Q3,未上市,,,,,,,,,,,,0,,1.0,,,,,,,,,,,,,,,,,,,,,
61,LACE-061,几何纹,2025Q4,在售,94.0,3008.0,2.0,1.0,1.0,259.0,0.0509,0.12,0.5,,,0,,1.0,2693.0,2672.0,73.0,0.0,0.04,0.6,0.5,0.3,0.2,0.2,1.1,0.6,0.3,0.1,0.1,75.0,42.0,54.0,36.0,9.0,35.0
61,LACE-061,几何纹,2026Q1,在售,78.0,2496.0,1.0,1.0,0.0,164.0,0.0548,0.1389,0.0,-0.1702,,0,,1.0,2672.0,2675.0,81.0,0.0,0.03,0.3,0.3,0.2,0.2,0.1,0.5,0.3,0.2,0.0,0.0,34.0,46.0,27.0,10.0,5.0,12.0
61,LACE-061,几何纹,2026Q2,在售,248.0,7936.0,6.0,1.0,5.0,695.0,0.0698,0.1868,0.8333,2.1795,,0,,1.0,2675.0,2760.0,333.0,0.0,0.09,2.1,1.4,1.0,0.9,0.7,3.1,1.4,1.1,0.2,0.1,210.0,118.0,207.0,79.0,23.0,74.0
62,LACE-062,纯色,2024Q3,未上市,,,,,,,,,,,,0,,1.0,,,,,,,,,,,,,,,,,,,,,
62,LACE-062,纯色,2024Q4,未上市,,,,,,,,,,,,0,,1.0,,,,,,,,,,,,,,,,,,,,,
62,LACE-062,纯色,2025Q1,未上市,,,,,,,,,,,,0,,1.0,,,,,,,,,,,,,,,,,,,,,
62,LACE-062,纯色,2025Q2,未上市,,,,,,,,,,,,0,,1.0,,,,,,,,,,,,,,,,,,,,,
62,LACE-062,纯色,2025Q3,未上市,,,,,,,,,,,,0,,1.0,,,,,,,,,,,,,,,,,,,,,
62,LACE-062,纯色,2025Q4,未上市,,,,,,,,,,,,0,,1.0,,,,,,,,,,,,,,,,,,,,,
62,LACE-062,纯色,2026Q1,未上市,,,,,,,,,,,,0,,1.0,,,,,,,,,,,,,,,,,,,,,
62,LACE-062,纯色,2026Q2,在售,81.0,1296.0,1.0,1.0,0.0,121.0,0.0266,0.0864,0.0,,,0,,1.0,3461.0,3483.0,103.0,0.0,0.02,0.3,0.2,0.1,0.1,0.1,0.4,0.2,0.2,0.1,0.0,41.0,26.0,31.0,13.0,5.0,9.0
63,LACE-063,巴洛克纹,2024Q3,未上市,,,,,,,,,,,,0,,1.0,,,,,,,,,,,,,,,,,,,,,
63,LACE-063,巴洛克纹,2024Q4,未上市,,,,,,,,,,,,0,,1.0,,,,,,,,,,,,,,,,,,,,,
63,LACE-063,巴洛克纹,2025Q1,未上市,,,,,,,,,,,,0,,1.0,,,,,,,,,,,,,,,,,,,,,
63,LACE-063,巴洛克纹,2025Q2,未上市,,,,,,,,,,,,0,,1.0,,,,,,,,,,,,,,,,,,,,,
63,LACE-063,巴洛克纹,2025Q3,未上市,,,,,,,,,,,,0,,1.0,,,,,,,,,,,,,,,,,,,,,
63,LACE-063,巴洛克纹,2025Q4,在售,97.0,3686.0,1.0,1.0,0.0,320.0,0.0324,0.1191,0.0,,,0,,1.0,2280.0,2307.0,124.0,0.0,0.04,0.3,0.2,0.1,0.1,0.1,0.5,0.3,0.2,0.0,0.0,73.0,55.0,84.0,23.0,17.0,25.0
63,LACE-063,巴洛克纹,2026Q1,在售,57.0,2166.0,1.0,1.0,0.0,206.0,0.0671,0.1128,0.0,-0.4124,,0,,1.0,2307.0,2325.0,75.0,0.0,0.02,0.3,0.2,0.1,0.2,0.1,0.5,0.3,0.1,0.1,0.0,51.0,41.0,38.0,30.0,10.0,22.0
63,LACE-063,巴洛克纹,2026Q2,已下架,465.0,17670.0,12.0,3.0,9.0,1299.0,0.0755,0.1776,0.75,7.1579,,0,,1.0,2325.0,2418.0,558.0,0.0,0.2,3.5,3.8,1.5,0.9,1.4,4.9,2.8,2.2,0.7,0.6,387.0,305.0,197.0,114.0,50.0,175.0
64,LACE-064,巴洛克纹,2024Q3,在售,120.0,4080.0,2.0,1.0,1.0,462.0,0.0327,0.0873,0.5,,,0,,1.0,2313.0,2342.0,149.0,0.0,0.05,0.7,0.6,0.2,0.2,0.2,1.0,0.5,0.3,0.1,0.0,112.0,121.0,71.0,64.0,22.0,41.0
64,LACE-064,巴洛克纹,2024Q4,在售,95.0,3230.0,1.0,1.0,0.0,217.0,0.0463,0.1609,0.0,-0.2083,,0,,1.0,2342.0,2363.0,116.0,0.0,0.04,0.2,0.2,0.1,0.1,0.1,0.5,0.3,0.2,0.0,0.0,58.0,41.0,48.0,16.0,12.0,29.0
64,LACE-064,巴洛克纹,2025Q1,在售,239.0,8126.0,6.0,1.0,5.0,543.0,0.0724,0.1411,0.8333,1.5158,,0,,1.0,2363.0,2361.0,237.0,0.0,0.1,1.8,1.4,1.0,0.7,0.6,2.4,2.0,0.6,0.2,0.1,117.0,96.0,147.0,75.0,14.0,65.0
64,LACE-064,巴洛克纹,2025Q2,在售,550.0,18700.0,14.0,3.0,11.0,977.0,0.0819,0.2249,0.7857,1.3013,,0,,1.0,2361.0,2252.0,441.0,1.0,0.24,3.8,4.5,2.3,1.7,1.8,4.9,4.6,1.7,0.6,0.4,386.0,280.0,162.0,139.0,35.0,56.0
64,LACE-064,巴洛克纹,2025Q3,在售,182.0,6188.0,5.0,1.0,4.0,685.0,0.0908,0.2497,0.8,-0.6691,0.5167,0,,1.0,2252.0,2187.0,117.0,1.0,0.08,1.8,1.5,0.8,0.7,0.6,2.0,1.1,0.8,0.2,0.1,180.0,151.0,125.0,86.0,22.0,87.0
64,LACE-064,巴洛克纹,2025Q4,在售,361.0,12274.0,9.0,1.0,8.0,1049.0,0.1214,0.2547,0.8889,0.9835,2.8,0,,1.0,2187.0,2063.0,237.0,0.0,0.17,3.4,2.2,1.1,0.7,0.7,3.6,2.8,1.3,0.4,0.3,354.0,313.0,273.0,54.0,52.0,82.0
64,LACE-064,巴洛克纹,2026Q1,在售,464.0,15776.0,7.0,2.0,5.0,1783.0,0.117,0.3196,0.7143,0.2853,0.9414,0,,1.0,2063.0,2135.0,536.0,1.0,0.22,2.2,1.6,0.8,0.9,1.0,3.7,1.5,0.8,0.3,0.2,489.0,271.0,366.0,130.0,85.0,125.0
64,LACE-064,巴洛克纹,2026Q2,在售,309.0,10506.0,4.0,1.0,3.0,1096.0,0.1457,0.3283,0.75,-0.3341,-0.4382,0,,1.0,2135.0,2129.0,303.0,1.0,0.14,1.2,1.0,0.8,0.6,0.5,1.6,1.1,0.4,0.2,0.2,388.0,189.0,256.0,107.0,36.0,111.0
65,LACE-065,巴洛克纹,2024Q3,未上市,,,,,,,,,,,,0,,1.0,,,,,,,,,,,,,,,,,,,,,
65,LACE-065,巴洛克纹,2024Q4,在售,249.0,12201.0,7.0,2.0,5.0,931.0,0.035,0.0916,0.7143,,,0,,1.0,4388.0,4319.0,180.0,0.0,0.06,2.4,1.9,1.0,0.8,0.5,3.6,1.7,1.0,0.3,0.3,248.0,166.0,199.0,88.0,29.0,107.0
65,LACE-065,巴洛克纹,2025Q1,在售,82.0,4018.0,1.0,1.0,0.0,410.0,0.0537,0.1566,0.0,-0.6707,,0,,1.0,4319.0,4339.0,102.0,0.0,0.02,0.3,0.2,0.2,0.2,0.1,0.5,0.3,0.1,0.1,0.0,144.0,66.0,105.0,30.0,17.0,46.0
65,LACE-065,巴洛克纹,2025Q2,在售,425.0,20825.0,10.0,1.0,9.0,1682.0,0.0633,0.1464,0.9,4.1829,,0,,1.0,4339.0,4379.0,465.0,0.0,0.1,2.7,2.2,1.8,0.7,1.4,5.1,2.5,1.4,0.6,0.2,597.0,305.0,362.0,171.0,72.0,109.0
65,LACE-065,巴洛克纹,2025Q3,在售,232.0,11368.0,3.0,1.0,2.0,1280.0,0.0935,0.2223,0.6667,-0.4541,,0,,1.0,4379.0,4403.0,256.0,0.0,0.05,0.8,0.7,0.4,0.5,0.3,1.2,0.7,0.4,0.1,0.1,443.0,270.0,300.0,139.0,52.0,135.0
65,LACE-065,巴洛克纹,2025Q4,在售,550.0,26950.0,7.0,1.0,6.0,1912.0,0.0925,0.2681,0.8571,1.3707,1.2088,0,,1.0,4403.0,4269.0,416.0,0.0,0.13,2.1,1.5,1.0,0.4,0.7,3.8,1.6,1.0,0.5,0.3,535.0,533.0,312.0,155.0,141.0,151.0
65,LACE-065,巴洛克纹,2026Q1,在售,479.0,23471.0,8.0,2.0,6.0,1835.0,0.1112,0.267,0.75,-0.1291,4.8415,0,,1.0,4269.0,4160.0,370.0,0.0,0.11,2.5,2.0,1.3,0.9,1.0,3.3,2.6,1.4,0.3,0.3,682.0,302.0,543.0,114.0,142.0,93.0
65,LACE-065,巴洛克纹,2026Q2,已下架,644.0,31556.0,10.0,2.0,8.0,2437.0,0.1408,0.3064,0.8,0.3445,0.5153,0,,1.0,4160.0,3944.0,428.0,1.0,0.16,2.9,2.3,1.9,1.4,1.4,4.0,2.3,1.5,0.3,0.5,735.0,563.0,444.0,124.0,170.0,249.0
66,LACE-066,巴洛克纹,2024Q3,未上市,,,,,,,,,,,,0,,1.0,,,,,,,,,,,,,,,,,,,,,
66,LACE-066,巴洛克纹,2024Q4,未上市,,,,,,,,,,,,0,,1.0,,,,,,,,,,,,,,,,,,,,,
66,LACE-066,巴洛克纹,2025Q1,在售,72.0,3888.0,1.0,1.0,0.0,421.0,0.0358,0.0978,0.0,,,0,,1.0,4088.0,4061.0,45.0,0.0,0.02,0.2,0.2,0.1,0.2,0.1,0.5,0.2,0.1,0.1,0.0,114.0,118.0,106.0,31.0,17.0,26.0
66,LACE-066,巴洛克纹,2025Q2,在售,196.0,10584.0,5.0,1.0,4.0,1125.0,0.0564,0.1089,0.8,1.7222,,0,,1.0,4061.0,4070.0,205.0,0.0,0.05,1.3,1.2,0.8,0.4,0.5,2.5,1.3,1.0,0.3,0.1,448.0,244.0,316.0,81.0,44.0,64.0
66,LACE-066,巴洛克纹,2025Q3,在售,286.0,15444.0,3.0,1.0,2.0,1240.0,0.0763,0.1677,0.6667,0.4592,,0,,1.0,4070.0,3961.0,177.0,0.0,0.07,1.1,0.9,0.5,0.4,0.3,1.4,1.0,0.4,0.2,0.1,402.0,235.0,287.0,169.0,75.0,154.0
66,LACE-066,巴洛克纹,2025Q4,在售,440.0,23760.0,10.0,2.0,8.0,1528.0,0.0841,0.2104,0.8,0.5385,,0,,1.0,3961.0,3968.0,447.0,0.0,0.11,3.4,3.1,1.4,1.1,0.7,5.4,2.4,1.1,0.5,0.5,332.0,443.0,267.0,194.0,74.0,103.0
66,LACE-066,巴洛克纹,2026Q1,在售,495.0,26730.0,6.0,1.0,5.0,2824.0,0.111,0.2559,0.8333,0.125,5.875,0,,1.0,3968.0,3913.0,440.0,1.0,0.13,1.8,1.4,0.9,0.7,0.6,2.9,1.7,0.8,0.2,0.2,758.0,531.0,735.0,382.0,150.0,241.0
66,LACE-066,巴洛克纹,2026Q2,在售,760.0,41040.0,19.0,4.0,15.0,3016.0,0.1012,0.2631,0.7895,0.5354,2.8776,0,,1.0,3913.0,3733.0,580.0,1.0,0.2,5.5,4.6,3.0,2.5,1.8,8.0,5.5,2.1,1.5,0.8,1039.0,660.0,705.0,154.0,79.0,169.0
67,LACE-067,纯色,2024Q3,未上市,,,,,,,,,,,,0,,1.0,,,,,,,,,,,,,,,,,,,,,
67,LACE-067,纯色,2024Q4,未上市,,,,,,,,,,,,0,,1.0,,,,,,,,,,,,,,,,,,,,,
67,LACE-067,纯色,2025Q1,未上市,,,,,,,,,,,,0,,1.0,,,,,,,,,,,,,,,,,,,,,
67,LACE-067,纯色,2025Q2,未上市,,,,,,,,,,,,0,,1.0,,,,,,,,,,,,,,,,,,,,,
67,LACE-067,纯色,2025Q3,未上市,,,,,,,,,,,,0,,1.0,,,,,,,,,,,,,,,,,,,,,
67,LACE-067,纯色,2025Q4,在售,127.0,2159.0,2.0,1.0,1.0,156.0,0.0383,0.086,0.5,,,1,双十一,1.2,3147.0,3112.0,92.0,0.0,0.04,0.7,0.5,0.3,0.2,0.2,1.0,0.6,0.3,0.1,0.0,47.0,41.0,38.0,17.0,3.0,18.0
67,LACE-067,纯色,2026Q1,在售,62.0,1054.0,1.0,1.0,0.0,118.0,0.0457,0.1415,0.0,-0.5118,,0,,1.0,3112.0,3098.0,48.0,0.0,0.02,0.2,0.3,0.1,0.1,0.1,0.4,0.3,0.1,0.0,0.0,36.0,35.0,27.0,8.0,6.0,11.0
67,LACE-067,纯色,2026Q2,在售,187.0,3179.0,3.0,1.0,2.0,343.0,0.0555,0.1445,0.6667,2.0161,,0,,1.0,3098.0,3043.0,132.0,0.0,0.06,0.9,0.8,0.4,0.3,0.3,1.4,0.9,0.6,0.2,0.1,86.0,57.0,99.0,20.0,20.0,22.0
68,LACE-068,几何纹,2024Q3,在售,100.0,2600.0,1.0,1.0,0.0,164.0,0.0329,0.0922,0.0,,,0,,1.0,2721.0,2746.0,125.0,0.0,0.04,0.2,0.2,0.1,0.2,0.1,0.5,0.3,0.1,0.0,0.0,62.0,44.0,46.0,10.0,8.0,13.0
68,LACE-068,几何纹,2024Q4,在售,154.0,4004.0,2.0,1.0,1.0,329.0,0.0514,0.1339,0.5,0.54,,0,,1.0,2746.0,2693.0,101.0,0.0,0.06,0.6,0.6,0.3,0.3,0.2,1.1,0.7,0.2,0.1,0.0,83.0,74.0,90.0,33.0,15.0,43.0
68,LACE-068,几何纹,2025Q1,在售,145.0,3770.0,2.0,1.0,1.0,289.0,0.0751,0.1468,0.5,-0.0584,,0,,1.0,2693.0,2726.0,178.0,0.0,0.05,0.7,0.5,0.4,0.2,0.1,1.0,0.5,0.3,0.1,0.1,84.0,82.0,85.0,20.0,15.0,37.0
68,LACE-068,几何纹,2025Q2,在售,283.0,7358.0,8.0,1.0,7.0,469.0,0.093,0.2236,0.875,0.9517,,0,,1.0,2726.0,2724.0,281.0,1.0,0.1,2.6,2.2,1.5,0.8,0.9,3.1,2.0,1.4,0.4,0.1,157.0,125.0,129.0,57.0,25.0,35.0
68,LACE-068,几何纹,2025Q3,在售,294.0,7644.0,3.0,1.0,2.0,674.0,0.0952,0.2537,0.6667,0.0389,1.94,0,,1.0,2724.0,2700.0,270.0,0.0,0.11,0.9,0.8,0.5,0.3,0.3,1.1,0.7,0.5,0.2,0.1,146.0,113.0,154.0,66.0,18.0,62.0
68,LACE-068,几何纹,2025Q4,在售,472.0,12272.0,7.0,1.0,6.0,1311.0,0.1294,0.2487,0.8571,0.6054,2.0649,0,,1.0,2700.0,2750.0,522.0,0.0,0.17,2.7,2.3,0.9,0.9,0.8,2.6,2.4,0.9,0.5,0.2,263.0,365.0,327.0,113.0,38.0,189.0
68,LACE-068,几何纹,2026Q1,在售,259.0,6734.0,4.0,1.0,3.0,501.0,0.1386,0.3194,0.75,-0.4513,0.7862,0,,1.0,2750.0,2652.0,161.0,0.0,0.1,1.0,1.0,0.7,0.5,0.2,1.7,1.2,0.4,0.3,0.1,166.0,121.0,125.0,60.0,11.0,72.0
68,LACE-068,几何纹,2026Q2,在售,381.0,9906.0,9.0,2.0,7.0,944.0,0.1596,0.3726,0.7778,0.471,0.3463,0,,1.0,2652.0,2536.0,265.0,1.0,0.15,2.4,2.0,1.3,0.9,0.7,4.1,2.8,1.1,0.3,0.4,375.0,165.0,144.0,60.0,58.0,84.0
69,LACE-069,几何纹,2024Q3,未上市,,,,,,,,,,,,0,,1.0,,,,,,,,,,,,,,,,,,,,,
69,LACE-069,几何纹,2024Q4,未上市,,,,,,,,,,,,0,,1.0,,,,,,,,,,,,,,,,,,,,,
69,LACE-069,几何纹,2025Q1,未上市,,,,,,,,,,,,0,,1.0,,,,,,,,,,,,,,,,,,,,,
69,LACE-069,几何纹,2025Q2,未上市,,,,,,,,,,,,0,,1.0,,,,,,,,,,,,,,,,,,,,,
69,LACE-069,几何纹,2025Q3,未上市,,,,,,,,,,,,0,,1.0,,,,,,,,,,,,,,,,,,,,,
69,LACE-069,几何纹,2025Q4,在售,235.0,6110.0,4.0,1.0,3.0,611.0,0.0349,0.1158,0.75,,,0,,1.0,4171.0,4125.0,189.0,0.0,0.06,1.3,0.9,0.5,0.5,0.2,2.0,0.9,0.5,0.1,0.2,203.0,114.0,167.0,69.0,47.0,80.0
69,LACE-069,几何纹,2026Q1,在售,84.0,2184.0,1.0,1.0,0.0,242.0,0.0506,0.1497,0.0,-0.6426,,0,,1.0,4125.0,4129.0,88.0,0.0,0.02,0.3,0.3,0.2,0.2,0.1,0.5,0.3,0.1,0.0,0.0,88.0,55.0,59.0,17.0,11.0,29.0
69,LACE-069,几何纹,2026Q2,在售,491.0,12766.0,12.0,2.0,10.0,1520.0,0.0581,0.1959,0.8333,4.8452,,0,,1.0,4129.0,4323.0,685.0,0.0,0.12,4.0,2.6,1.4,1.2,1.4,4.6,3.7,2.3,0.4,0.2,449.0,286.0,437.0,90.0,87.0,176.0
70,LACE-070,巴洛克纹,2024Q3,未上市,,,,,,,,,,,,0,,1.0,,,,,,,,,,,,,,,,,,,,,
70,LACE-070,巴洛克纹,2024Q4,未上市,,,,,,,,,,,,0,,1.0,,,,,,,,,,,,,,,,,,,,,
70,LACE-070,巴洛克纹,2025Q1,未上市,,,,,,,,,,,,0,,1.0,,,,,,,,,,,,,,,,,,,,,
70,LACE-070,巴洛克纹,2025Q2,未上市,,,,,,,,,,,,0,,1.0,,,,,,,,,,,,,,,,,,,,,
70,LACE-070,巴洛克纹,2025Q3,在售,60.0,2580.0,1.0,1.0,0.0,201.0,0.0383,0.0785,0.0,,,0,,1.0,2760.0,2782.0,82.0,0.0,0.02,0.3,0.3,0.1,0.1,0.1,0.5,0.2,0.1,0.1,0.0,48.0,51.0,39.0,15.0,11.0,28.0
70,LACE-070,巴洛克纹,2025Q4,在售,301.0,12943.0,9.0,2.0,7.0,712.0,0.0454,0.1304,0.7778,4.0167,,0,,1.0,2782.0,2885.0,404.0,0.0,0.11,2.8,2.2,1.0,1.0,1.1,4.4,2.8,1.0,0.2,0.4,200.0,164.0,149.0,72.0,56.0,37.0
70,LACE-070,巴洛克纹,2026Q1,在售,306.0,13158.0,9.0,1.0,8.0,770.0,0.067,0.1601,0.8889,0.0166,,0,,1.0,2885.0,2815.0,236.0,0.0,0.11,2.8,2.4,1.0,1.1,0.5,4.7,2.4,1.2,0.6,0.2,256.0,118.0,212.0,63.0,35.0,64.0
70,LACE-070,巴洛克纹,2026Q2,在售,443.0,19049.0,5.0,1.0,4.0,1032.0,0.0933,0.1967,0.8,0.4477,,0,,1.0,2815.0,2667.0,295.0,0.0,0.16,1.8,1.4,0.6,0.6,0.6,2.7,1.4,0.7,0.2,0.2,245.0,290.0,266.0,108.0,60.0,52.0
71,LACE-071,几何纹,2024Q3,未上市,,,,,,,,,,,,0,,1.0,,,,,,,,,,,,,,,,,,,,,
71,LACE-071,几何纹,2024Q4,在售,78.0,1404.0,1.0,1.0,0.0,155.0,0.0356,0.1036,0.0,,,0,,1.0,3756.0,3742.0,64.0,0.0,0.02,0.3,0.3,0.1,0.2,0.1,0.4,0.3,0.2,0.0,0.0,60.0,34.0,42.0,22.0,8.0,11.0
71,LACE-071,几何纹,2025Q1,在售,44.0,792.0,1.0,1.0,0.0,83.0,0.0459,0.1544,0.0,-0.4359,,0,,1.0,3742.0,3732.0,34.0,0.0,0.01,0.2,0.3,0.1,0.1,0.1,0.4,0.3,0.2,0.0,0.0,18.0,22.0,20.0,5.0,4.0,5.0
71,LACE-071,几何纹,2025Q2,在售,422.0,7596.0,6.0,1.0,5.0,562.0,0.0653,0.1859,0.8333,8.5909,,0,,1.0,3732.0,3668.0,358.0,0.0,0.11,1.9,1.5,0.9,0.4,0.8,2.4,1.9,0.8,0.3,0.1,158.0,107.0,95.0,29.0,27.0,38.0
71,LACE-071,几何纹,2025Q3,在售,249.0,4482.0,3.0,1.0,2.0,356.0,0.076,0.1991,0.6667,-0.41,,0,,1.0,3668.0,3597.0,178.0,0.0,0.07,1.0,0.8,0.5,0.3,0.3,1.2,0.6,0.6,0.1,0.1,119.0,80.0,87.0,39.0,23.0,37.0
71,LACE-071,几何纹,2025Q4,在售,850.0,15300.0,22.0,5.0,17.0,1805.0,0.1077,0.2416,0.7727,2.4137,9.8974,0,,1.0,3597.0,3775.0,1028.0,1.0,0.23,6.4,5.9,3.0,1.7,1.8,12.0,5.4,2.2,0.7,0.6,511.0,345.0,523.0,92.0,134.0,239.0
71,LACE-071,几何纹,2026Q1,在售,219.0,3942.0,2.0,1.0,1.0,247.0,0.1246,0.2552,0.5,-0.7424,3.9773,0,,1.0,3775.0,3763.0,207.0,0.0,0.06,0.5,0.5,0.3,0.2,0.2,0.9,0.6,0.3,0.1,0.0,74.0,39.0,54.0,19.0,11.0,35.0
71,LACE-071,几何纹,2026Q2,在售,388.0,6984.0,7.0,1.0,6.0,634.0,0.129,0.2851,0.8571,0.7717,-0.0806,0,,1.0,3763.0,3786.0,411.0,0.0,0.1,1.9,2.2,1.3,0.5,0.6,3.7,2.4,1.2,0.2,0.3,192.0,166.0,156.0,75.0,23.0,82.0
72,LACE-072,巴洛克纹,2024Q3,未上市,,,,,,,,,,,,0,,1.0,,,,,,,,,,,,,,,,,,,,,
72,LACE-072,巴洛克纹,2024Q4,未上市,,,,,,,,,,,,0,,1.0,,,,,,,,,,,,,,,,,,,,,
72,LACE-072,巴洛克纹,2025Q1,未上市,,,,,,,,,,,,0,,1.0,,,,,,,,,,,,,,,,,,,,,
72,LACE-072,巴洛克纹,2025Q2,未上市,,,,,,,,,,,,0,,1.0,,,,,,,,,,,,,,,,,,,,,
72,LACE-072,巴洛克纹,2025Q3,在售,117.0,3978.0,1.0,1.0,0.0,390.0,0.0333,0.1228,0.0,,,0,,1.0,2252.0,2280.0,145.0,0.0,0.05,0.3,0.2,0.2,0.2,0.1,0.4,0.2,0.2,0.1,0.0,96.0,116.0,109.0,34.0,30.0,52.0
72,LACE-072,巴洛克纹,2025Q4,在售,117.0,3978.0,1.0,1.0,0.0,320.0,0.0459,0.1506,0.0,0.0,,0,,1.0,2280.0,2266.0,103.0,0.0,0.05,0.3,0.2,0.1,0.2,0.1,0.5,0.2,0.2,0.1,0.0,100.0,53.0,95.0,36.0,7.0,31.0
72,LACE-072,巴洛克纹,2026Q1,在售,314.0,10676.0,4.0,1.0,3.0,1156.0,0.0658,0.1443,0.75,1.6838,,0,,1.0,2266.0,2354.0,402.0,1.0,0.14,1.3,0.9,0.6,0.3,0.6,2.0,1.3,0.8,0.3,0.1,401.0,204.0,232.0,99.0,58.0,148.0
72,LACE-072,巴洛克纹,2026Q2,在售,349.0,11866.0,4.0,1.0,3.0,868.0,0.0895,0.2013,0.75,0.1115,,0,,1.0,2354.0,2267.0,262.0,0.0,0.15,1.1,1.2,0.6,0.6,0.4,2.2,0.9,0.6,0.3,0.1,196.0,174.0,182.0,118.0,51.0,88.0
73,LACE-073,巴洛克纹,2024Q3,未上市,,,,,,,,,,,,0,,1.0,,,,,,,,,,,,,,,,,,,,,
73,LACE-073,巴洛克纹,2024Q4,未上市,,,,,,,,,,,,0,,1.0,,,,,,,,,,,,,,,,,,,,,
73,LACE-073,巴洛克纹,2025Q1,未上市,,,,,,,,,,,,0,,1.0,,,,,,,,,,,,,,,,,,,,,
73,LACE-073,巴洛克纹,2025Q2,在售,122.0,4758.0,2.0,1.0,1.0,385.0,0.0258,0.0955,0.5,,,0,,1.0,2985.0,2983.0,120.0,0.0,0.04,0.7,0.5,0.3,0.2,0.2,1.0,0.5,0.3,0.1,0.1,108.0,112.0,85.0,44.0,13.0,29.0
73,LACE-073,巴洛克纹,2025Q3,在售,162.0,6318.0,2.0,1.0,1.0,620.0,0.0418,0.1249,0.5,0.3279,,0,,1.0,2983.0,2947.0,126.0,0.0,0.05,0.6,0.5,0.4,0.3,0.2,0.9,0.6,0.3,0.1,0.1,214.0,127.0,138.0,32.0,20.0,56.0
73,LACE-073,巴洛克纹,2025Q4,在售,591.0,23049.0,17.0,4.0,13.0,1850.0,0.0749,0.1662,0.7647,2.6481,,0,,1.0,2947.0,2998.0,642.0,1.0,0.2,5.1,4.8,2.3,2.6,1.4,6.2,5.2,3.0,0.5,0.6,525.0,464.0,359.0,105.0,145.0,213.0
73,LACE-073,巴洛克纹,2026Q1,在售,185.0,7215.0,4.0,1.0,3.0,864.0,0.0871,0.2273,0.75,-0.687,,0,,1.0,2998.0,3013.0,200.0,0.0,0.06,1.2,1.2,0.5,0.6,0.5,2.2,1.2,0.7,0.2,0.1,194.0,208.0,234.0,96.0,20.0,76.0
73,LACE-073,巴洛克纹,2026Q2,在售,525.0,20475.0,7.0,2.0,5.0,1399.0,0.0886,0.26,0.7143,1.8378,3.3033,0,,1.0,3013.0,3012.0,524.0,1.0,0.17,2.4,1.7,0.8,0.9,0.6,3.8,2.1,1.3,0.5,0.1,532.0,321.0,270.0,137.0,78.0,182.0
74,LACE-074,几何纹,2024Q3,在售,56.0,1456.0,1.0,1.0,0.0,148.0,0.0258,0.0956,0.0,,,0,,1.0,2183.0,2185.0,58.0,0.0,0.03,0.2,0.3,0.2,0.2,0.1,0.5,0.3,0.2,0.1,0.0,34.0,39.0,35.0,17.0,4.0,11.0
74,LACE-074,几何纹,2024Q4,在售,172.0,4472.0,3.0,1.0,2.0,442.0,0.062,0.1368,0.6667,2.0714,,0,,1.0,2185.0,2117.0,104.0,0.0,0.08,1.0,0.7,0.3,0.4,0.3,1.1,1.0,0.4,0.2,0.0,98.0,113.0,120.0,62.0,35.0,60.0
74,LACE-074,几何纹,2025Q1,在售,234.0,6084.0,3.0,1.0,2.0,390.0,0.0829,0.1471,0.6667,0.3605,,0,,1.0,2117.0,2109.0,226.0,0.0,0.11,0.9,0.6,0.5,0.3,0.3,1.4,0.7,0.6,0.1,0.1,106.0,96.0,110.0,27.0,21.0,43.0
74,LACE-074,几何纹,2025Q2,在售,425.0,11050.0,9.0,1.0,8.0,868.0,0.0791,0.1968,0.8889,0.8162,,0,,1.0,2109.0,2045.0,361.0,1.0,0.2,2.6,2.6,1.2,1.0,1.0,3.6,2.1,1.4,0.6,0.4,325.0,247.0,225.0,67.0,43.0,127.0
74,LACE-074,几何纹,2025Q3,在售,278.0,7228.0,7.0,1.0,6.0,727.0,0.1032,0.2575,0.8571,-0.3459,3.9643,0,,1.0,2045.0,2128.0,361.0,1.0,0.13,2.4,1.8,1.4,0.9,0.8,2.7,1.7,1.1,0.2,0.1,269.0,114.0,193.0,67.0,48.0,74.0
74,LACE-074,几何纹,2025Q4,在售,657.0,17082.0,10.0,2.0,8.0,1028.0,0.1106,0.2765,0.8,1.3633,2.8198,0,,1.0,2128.0,2340.0,869.0,2.0,0.29,3.6,2.5,1.8,1.2,1.3,3.7,2.5,1.2,0.7,0.3,393.0,163.0,304.0,60.0,30.0,114.0
74,LACE-074,几何纹,2026Q1,在售,238.0,6188.0,3.0,1.0,2.0,419.0,0.1309,0.3239,0.6667,-0.6377,0.0171,0,,1.0,2340.0,2304.0,202.0,1.0,0.1,0.8,0.8,0.4,0.4,0.3,1.6,0.7,0.5,0.2,0.1,153.0,73.0,89.0,60.0,31.0,31.0
74,LACE-074,几何纹,2026Q2,在售,395.0,10270.0,5.0,1.0,4.0,687.0,0.1599,0.3523,0.8,0.6597,-0.0706,0,,1.0,2304.0,2370.0,461.0,0.0,0.17,1.6,1.1,0.7,0.6,0.6,2.6,1.7,0.5,0.3,0.1,183.0,164.0,191.0,85.0,36.0,50.0
75,LACE-075,巴洛克纹,2024Q3,未上市,,,,,,,,,,,,0,,1.0,,,,,,,,,,,,,,,,,,,,,
75,LACE-075,巴洛克纹,2024Q4,未上市,,,,,,,,,,,,0,,1.0,,,,,,,,,,,,,,,,,,,,,
75,LACE-075,巴洛克纹,2025Q1,未上市,,,,,,,,,,,,0,,1.0,,,,,,,,,,,,,,,,,,,,,
75,LACE-075,巴洛克纹,2025Q2,未上市,,,,,,,,,,,,0,,1.0,,,,,,,,,,,,,,,,,,,,,
75,LACE-075,巴洛克纹,2025Q3,未上市,,,,,,,,,,,,0,,1.0,,,,,,,,,,,,,,,,,,,,,
75,LACE-075,巴洛克纹,2025Q4,未上市,,,,,,,,,,,,0,,1.0,,,,,,,,,,,,,,,,,,,,,
75,LACE-075,巴洛克纹,2026Q1,在售,90.0,3330.0,2.0,1.0,1.0,371.0,0.033,0.107,0.5,,,0,,1.0,3436.0,3413.0,67.0,0.0,0.03,0.5,0.6,0.3,0.3,0.2,1.1,0.6,0.3,0.1,0.0,84.0,86.0,83.0,48.0,21.0,45.0
75,LACE-075,巴洛克纹,2026Q2,在售,154.0,5698.0,3.0,1.0,2.0,432.0,0.0411,0.1349,0.6667,0.7111,,0,,1.0,3413.0,3435.0,176.0,0.0,0.04,0.8,0.8,0.4,0.5,0.4,1.2,0.9,0.5,0.2,0.1,134.0,80.0,95.0,46.0,13.0,60.0
76,LACE-076,几何纹,2024Q3,未上市,,,,,,,,,,,,0,,1.0,,,,,,,,,,,,,,,,,,,,,
76,LACE-076,几何纹,2024Q4,在售,272.0,5440.0,8.0,1.0,7.0,621.0,0.0492,0.0806,0.875,,,0,,1.0,2910.0,2807.0,169.0,0.0,0.1,3.0,1.7,1.1,0.7,0.7,3.0,1.8,1.1,0.3,0.3,234.0,111.0,147.0,39.0,28.0,48.0
76,LACE-076,几何纹,2025Q1,在售,80.0,1600.0,1.0,1.0,0.0,91.0,0.0422,0.1386,0.0,-0.7059,,0,,1.0,2807.0,2799.0,72.0,0.0,0.03,0.3,0.2,0.2,0.1,0.1,0.5,0.3,0.2,0.1,0.0,30.0,19.0,25.0,8.0,3.0,7.0
76,LACE-076,几何纹,2025Q2,在售,336.0,6720.0,8.0,2.0,6.0,384.0,0.0778,0.1746,0.75,3.2,,0,,1.0,2799.0,2684.0,221.0,1.0,0.12,3.0,2.5,1.1,1.0,0.8,3.9,2.5,0.8,0.3,0.3,82.0,93.0,85.0,48.0,15.0,20.0
76,LACE-076,几何纹,2025Q3,在售,197.0,3940.0,4.0,1.0,3.0,273.0,0.0784,0.1893,0.75,-0.4137,,0,,1.0,2684.0,2723.0,236.0,0.0,0.07,1.3,1.3,0.6,0.4,0.5,2.1,1.1,0.7,0.2,0.2,86.0,73.0,78.0,31.0,6.0,39.0
76,LACE-076,几何纹,2025Q4,在售,456.0,9120.0,13.0,2.0,11.0,739.0,0.0868,0.2108,0.8462,1.3147,0.6765,0,,1.0,2723.0,2879.0,612.0,1.0,0.16,4.7,3.0,2.0,1.6,0.8,5.6,3.6,1.3,0.8,0.6,152.0,185.0,126.0,46.0,58.0,48.0
76,LACE-076,几何纹,2026Q1,在售,262.0,5240.0,5.0,1.0,4.0,579.0,0.1015,0.2617,0.8,-0.4254,2.275,0,,1.0,2879.0,2899.0,282.0,0.0,0.09,1.8,1.3,0.6,0.6,0.3,2.4,1.1,0.7,0.4,0.2,181.0,166.0,162.0,51.0,46.0,54.0
76,LACE-076,几何纹,2026Q2,在售,507.0,10140.0,7.0,1.0,6.0,1002.0,0.1375,0.2879,0.8571,0.9351,0.5089,0,,1.0,2899.0,2866.0,474.0,1.0,0.18,2.1,2.1,1.2,1.0,0.6,3.1,2.1,1.0,0.4,0.1,355.0,194.0,300.0,112.0,21.0,72.0
77,LACE-077,蕾丝镂空,2024Q3,未上市,,,,,,,,,,,,0,,1.0,,,,,,,,,,,,,,,,,,,,,
77,LACE-077,蕾丝镂空,2024Q4,未上市,,,,,,,,,,,,0,,1.0,,,,,,,,,,,,,,,,,,,,,
77,LACE-077,蕾丝镂空,2025Q1,未上市,,,,,,,,,,,,0,,1.0,,,,,,,,,,,,,,,,,,,,,
77,LACE-077,蕾丝镂空,2025Q2,未上市,,,,,,,,,,,,0,,1.0,,,,,,,,,,,,,,,,,,,,,
77,LACE-077,蕾丝镂空,2025Q3,未上市,,,,,,,,,,,,0,,1.0,,,,,,,,,,,,,,,,,,,,,
77,LACE-077,蕾丝镂空,2025Q4,未上市,,,,,,,,,,,,0,,1.0,,,,,,,,,,,,,,,,,,,,,
77,LACE-077,蕾丝镂空,2026Q1,在售,82.0,3034.0,2.0,1.0,1.0,295.0,0.0323,0.0706,0.5,,,0,,1.0,2071.0,2101.0,112.0,0.0,0.04,0.5,0.5,0.3,0.2,0.2,0.8,0.6,0.2,0.1,0.0,115.0,61.0,74.0,24.0,7.0,28.0
77,LACE-077,蕾丝镂空,2026Q2,在售,181.0,6697.0,2.0,1.0,1.0,480.0,0.0483,0.1193,0.5,1.2073,,0,,1.0,2101.0,2091.0,171.0,1.0,0.09,0.6,0.6,0.3,0.3,0.2,1.0,0.5,0.4,0.1,0.0,103.0,75.0,131.0,36.0,18.0,57.0
78,LACE-078,植物花卉纹,2024Q3,未上市,,,,,,,,,,,,0,,1.0,,,,,,,,,,,,,,,,,,,,,
78,LACE-078,植物花卉纹,2024Q4,未上市,,,,,,,,,,,,0,,1.0,,,,,,,,,,,,,,,,,,,,,
78,LACE-078,植物花卉纹,2025Q1,未上市,,,,,,,,,,,,0,,1.0,,,,,,,,,,,,,,,,,,,,,
78,LACE-078,植物花卉纹,2025Q2,在售,221.0,6409.0,3.0,1.0,2.0,605.0,0.0332,0.1251,0.6667,,,0,,1.0,3785.0,3860.0,296.0,0.0,0.06,1.1,0.7,0.4,0.3,0.3,1.2,1.0,0.4,0.2,0.1,197.0,175.0,149.0,83.0,38.0,47.0
78,LACE-078,植物花卉纹,2025Q3,在售,108.0,3132.0,1.0,1.0,0.0,262.0,0.0696,0.1499,0.0,-0.5113,,0,,1.0,3860.0,3831.0,79.0,0.0,0.03,0.3,0.2,0.1,0.1,0.1,0.5,0.3,0.1,0.1,0.0,68.0,45.0,77.0,37.0,16.0,26.0
78,LACE-078,植物花卉纹,2025Q4,在售,507.0,14703.0,10.0,2.0,8.0,861.0,0.057,0.1482,0.8,3.6944,,0,,1.0,3831.0,3848.0,524.0,0.0,0.13,2.9,2.3,1.5,1.1,1.2,5.5,2.4,1.7,0.3,0.3,325.0,243.0,253.0,86.0,63.0,70.0
78,LACE-078,植物花卉纹,2026Q1,在售,438.0,12702.0,6.0,1.0,5.0,1187.0,0.0976,0.2147,0.8333,-0.1361,,0,,1.0,3848.0,3921.0,511.0,0.0,0.11,1.8,1.8,0.8,0.7,0.7,2.9,1.8,0.9,0.3,0.2,444.0,210.0,254.0,165.0,30.0,175.0
78,LACE-078,植物花卉纹,2026Q2,在售,681.0,19749.0,9.0,1.0,8.0,1643.0,0.1084,0.238,0.8889,0.5548,2.0814,0,,1.0,3921.0,3862.0,622.0,1.0,0.17,2.5,2.6,1.6,0.8,0.8,4.8,2.9,1.2,0.6,0.2,435.0,254.0,399.0,157.0,69.0,202.0
79,LACE-079,几何纹,2024Q3,未上市,,,,,,,,,,,,0,,1.0,,,,,,,,,,,,,,,,,,,,,
79,LACE-079,几何纹,2024Q4,未上市,,,,,,,,,,,,0,,1.0,,,,,,,,,,,,,,,,,,,,,
79,LACE-079,几何纹,2025Q1,未上市,,,,,,,,,,,,0,,1.0,,,,,,,,,,,,,,,,,,,,,
79,LACE-079,几何纹,2025Q2,在售,138.0,3312.0,2.0,1.0,1.0,203.0,0.0445,0.0753,0.5,,,0,,1.0,4319.0,4362.0,181.0,0.0,0.03,0.6,0.6,0.4,0.3,0.1,0.7,0.7,0.3,0.1,0.0,66.0,41.0,39.0,12.0,8.0,12.0
79,LACE-079,几何纹,2025Q3,在售,95.0,2280.0,2.0,1.0,1.0,246.0,0.0682,0.1122,0.5,-0.3116,,0,,1.0,4362.0,4348.0,81.0,0.0,0.02,0.6,0.5,0.3,0.2,0.2,1.0,0.6,0.3,0.1,0.1,59.0,49.0,58.0,13.0,18.0,13.0
79,LACE-079,几何纹,2025Q4,在售,416.0,9984.0,5.0,1.0,4.0,819.0,0.0573,0.1587,0.8,3.3789,,0,,1.0,4348.0,4358.0,426.0,0.0,0.1,1.3,1.6,0.8,0.6,0.5,2.6,1.2,0.6,0.1,0.2,187.0,184.0,185.0,121.0,29.0,77.0
79,LACE-079,几何纹,2026Q1,在售,223.0,5352.0,3.0,1.0,2.0,431.0,0.0832,0.2137,0.6667,-0.4639,,0,,1.0,4358.0,4363.0,228.0,0.0,0.05,0.9,0.8,0.3,0.4,0.4,1.5,0.8,0.4,0.2,0.1,104.0,103.0,82.0,38.0,19.0,55.0
79,LACE-079,几何纹,2026Q2,在售,461.0,11064.0,6.0,1.0,5.0,726.0,0.1035,0.2598,0.8333,1.0673,2.3406,0,,1.0,4363.0,4192.0,290.0,0.0,0.11,2.1,1.7,0.8,0.4,0.8,2.4,1.8,1.0,0.2,0.3,235.0,200.0,136.0,68.0,29.0,48.0
80,LACE-080,巴洛克纹,2024Q3,未上市,,,,,,,,,,,,0,,1.0,,,,,,,,,,,,,,,,,,,,,
80,LACE-080,巴洛克纹,2024Q4,未上市,,,,,,,,,,,,0,,1.0,,,,,,,,,,,,,,,,,,,,,
80,LACE-080,巴洛克纹,2025Q1,未上市,,,,,,,,,,,,0,,1.0,,,,,,,,,,,,,,,,,,,,,
80,LACE-080,巴洛克纹,2025Q2,在售,110.0,6050.0,3.0,1.0,2.0,612.0,0.0436,0.0787,0.6667,,,0,,1.0,4592.0,4597.0,115.0,0.0,0.02,0.8,0.8,0.4,0.3,0.3,1.5,1.0,0.4,0.1,0.0,223.0,101.0,130.0,68.0,16.0,76.0
80,LACE-080,巴洛克纹,2025Q3,在售,130.0,7150.0,2.0,1.0,1.0,674.0,0.0554,0.1543,0.5,0.1818,,0,,1.0,4597.0,4639.0,172.0,0.0,0.03,0.6,0.5,0.3,0.3,0.2,0.9,0.7,0.4,0.1,0.0,144.0,103.0,200.0,56.0,33.0,71.0
80,LACE-080,巴洛克纹,2025Q4,在售,377.0,20735.0,7.0,1.0,6.0,1587.0,0.0624,0.1618,0.8571,1.9,,0,,1.0,4639.0,4574.0,312.0,0.0,0.08,2.5,1.8,1.1,0.6,0.8,3.2,1.4,0.8,0.5,0.1,576.0,367.0,416.0,123.0,88.0,205.0
80,LACE-080,巴洛克纹,2026Q1,在售,207.0,11385.0,4.0,1.0,3.0,1028.0,0.0775,0.224,0.75,-0.4509,,0,,1.0,4574.0,4556.0,189.0,0.0,0.05,1.1,1.3,0.6,0.4,0.4,1.5,1.4,0.5,0.3,0.1,211.0,168.0,184.0,136.0,76.0,55.0
80,LACE-080,巴洛克纹,2026Q2,在售,577.0,31735.0,9.0,2.0,7.0,1703.0,0.0946,0.2665,0.7778,1.7874,4.2455,0,,1.0,4556.0,4375.0,396.0,0.0,0.13,2.6,2.8,1.2,0.8,1.2,3.2,2.8,1.4,0.2,0.2,516.0,421.0,316.0,203.0,76.0,125.0
